series_id,latest_date,latest_value,event_date,event_matched_date,event_base_gap_days,event_value,rel_day,target_date,matched_date,gap_days,value,abs_change_vs_event,pct_change_vs_event,status
BAMLH0A0HYM2,2026-03-12,3.17,2025-04-07,2025-04-07,0,4.61,-10,2025-03-28,2025-03-28,0,3.47,-1.1400000000000001,-24.728850325379614,OK
BAMLH0A0HYM2,2026-03-12,3.17,2025-04-07,2025-04-07,0,4.61,-9,2025-03-29,2025-03-28,1,3.47,-1.1400000000000001,-24.728850325379614,OK
BAMLH0A0HYM2,2026-03-12,3.17,2025-04-07,2025-04-07,0,4.61,-8,2025-03-30,2025-03-28,2,3.47,-1.1400000000000001,-24.728850325379614,OK
BAMLH0A0HYM2,2026-03-12,3.17,2025-04-07,2025-04-07,0,4.61,-7,2025-03-31,2025-03-31,0,3.55,-1.0600000000000005,-22.993492407809125,OK
BAMLH0A0HYM2,2026-03-12,3.17,2025-04-07,2025-04-07,0,4.61,-6,2025-04-01,2025-04-01,0,3.5,-1.1100000000000003,-24.078091106290678,OK
BAMLH0A0HYM2,2026-03-12,3.17,2025-04-07,2025-04-07,0,4.61,-5,2025-04-02,2025-04-02,0,3.42,-1.1900000000000004,-25.81344902386118,OK
BAMLH0A0HYM2,2026-03-12,3.17,2025-04-07,2025-04-07,0,4.61,-4,2025-04-03,2025-04-03,0,4.01,-0.6000000000000005,-13.015184381778756,OK
BAMLH0A0HYM2,2026-03-12,3.17,2025-04-07,2025-04-07,0,4.61,-3,2025-04-04,2025-04-04,0,4.45,-0.16000000000000014,-3.470715835141003,OK
BAMLH0A0HYM2,2026-03-12,3.17,2025-04-07,2025-04-07,0,4.61,-2,2025-04-05,2025-04-04,1,4.45,-0.16000000000000014,-3.470715835141003,OK
BAMLH0A0HYM2,2026-03-12,3.17,2025-04-07,2025-04-07,0,4.61,-1,2025-04-06,2025-04-04,2,4.45,-0.16000000000000014,-3.470715835141003,OK
BAMLH0A0HYM2,2026-03-12,3.17,2025-04-07,2025-04-07,0,4.61,0,2025-04-07,2025-04-07,0,4.61,0.0,0.0,OK
BAMLH0A0HYM2,2026-03-12,3.17,2025-04-07,2025-04-07,0,4.61,1,2025-04-08,2025-04-08,0,4.57,-0.040000000000000036,-0.8676789587852451,OK
BAMLH0A0HYM2,2026-03-12,3.17,2025-04-07,2025-04-07,0,4.61,2,2025-04-09,2025-04-09,0,4.37,-0.2400000000000002,-5.206073752711504,OK
BAMLH0A0HYM2,2026-03-12,3.17,2025-04-07,2025-04-07,0,4.61,3,2025-04-10,2025-04-10,0,4.42,-0.1900000000000004,-4.12147505422994,OK
BAMLH0A0HYM2,2026-03-12,3.17,2025-04-07,2025-04-07,0,4.61,4,2025-04-11,2025-04-11,0,4.26,-0.35000000000000053,-7.592190889370942,OK
BAMLH0A0HYM2,2026-03-12,3.17,2025-04-07,2025-04-07,0,4.61,5,2025-04-12,2025-04-11,1,4.26,-0.35000000000000053,-7.592190889370942,OK
BAMLH0A0HYM2,2026-03-12,3.17,2025-04-07,2025-04-07,0,4.61,6,2025-04-13,2025-04-11,2,4.26,-0.35000000000000053,-7.592190889370942,OK
BAMLH0A0HYM2,2026-03-12,3.17,2025-04-07,2025-04-07,0,4.61,7,2025-04-14,2025-04-14,0,4.14,-0.47000000000000064,-10.195227765726688,OK
BAMLH0A0HYM2,2026-03-12,3.17,2025-04-07,2025-04-07,0,4.61,8,2025-04-15,2025-04-15,0,4.09,-0.5200000000000005,-11.279826464208254,OK
BAMLH0A0HYM2,2026-03-12,3.17,2025-04-07,2025-04-07,0,4.61,9,2025-04-16,2025-04-16,0,4.16,-0.4500000000000002,-9.76138828633406,OK
BAMLH0A0HYM2,2026-03-12,3.17,2025-04-07,2025-04-07,0,4.61,10,2025-04-17,2025-04-17,0,4.02,-0.5900000000000007,-12.798264642082447,OK
BAMLH0A0HYM2,2026-03-12,3.17,2026-03-05,2026-03-05,0,3.0,-10,2026-02-23,2026-02-23,0,2.95,-0.04999999999999982,-1.6666666666666607,OK
BAMLH0A0HYM2,2026-03-12,3.17,2026-03-05,2026-03-05,0,3.0,-9,2026-02-24,2026-02-24,0,2.97,-0.029999999999999805,-0.9999999999999898,OK
BAMLH0A0HYM2,2026-03-12,3.17,2026-03-05,2026-03-05,0,3.0,-8,2026-02-25,2026-02-25,0,2.94,-0.06000000000000005,-2.0000000000000018,OK
BAMLH0A0HYM2,2026-03-12,3.17,2026-03-05,2026-03-05,0,3.0,-7,2026-02-26,2026-02-26,0,2.98,-0.020000000000000018,-0.666666666666671,OK
BAMLH0A0HYM2,2026-03-12,3.17,2026-03-05,2026-03-05,0,3.0,-6,2026-02-27,2026-02-27,0,3.1,0.10000000000000009,3.3333333333333437,OK
BAMLH0A0HYM2,2026-03-12,3.17,2026-03-05,2026-03-05,0,3.0,-5,2026-02-28,2026-02-28,0,3.12,0.1200000000000001,4.0000000000000036,OK
BAMLH0A0HYM2,2026-03-12,3.17,2026-03-05,2026-03-05,0,3.0,-4,2026-03-01,2026-02-28,1,3.12,0.1200000000000001,4.0000000000000036,OK
BAMLH0A0HYM2,2026-03-12,3.17,2026-03-05,2026-03-05,0,3.0,-3,2026-03-02,2026-03-02,0,3.03,0.029999999999999805,1.0000000000000009,OK
BAMLH0A0HYM2,2026-03-12,3.17,2026-03-05,2026-03-05,0,3.0,-2,2026-03-03,2026-03-03,0,3.08,0.08000000000000007,2.6666666666666616,OK
BAMLH0A0HYM2,2026-03-12,3.17,2026-03-05,2026-03-05,0,3.0,-1,2026-03-04,2026-03-04,0,2.97,-0.029999999999999805,-0.9999999999999898,OK
BAMLH0A0HYM2,2026-03-12,3.17,2026-03-05,2026-03-05,0,3.0,0,2026-03-05,2026-03-05,0,3.0,0.0,0.0,OK
BAMLH0A0HYM2,2026-03-12,3.17,2026-03-05,2026-03-05,0,3.0,1,2026-03-06,2026-03-06,0,3.13,0.1299999999999999,4.333333333333322,OK
BAMLH0A0HYM2,2026-03-12,3.17,2026-03-05,2026-03-05,0,3.0,2,2026-03-07,2026-03-06,1,3.13,0.1299999999999999,4.333333333333322,OK
BAMLH0A0HYM2,2026-03-12,3.17,2026-03-05,2026-03-05,0,3.0,3,2026-03-08,2026-03-06,2,3.13,0.1299999999999999,4.333333333333322,OK
BAMLH0A0HYM2,2026-03-12,3.17,2026-03-05,2026-03-05,0,3.0,4,2026-03-09,2026-03-09,0,3.19,0.18999999999999995,6.333333333333324,OK
BAMLH0A0HYM2,2026-03-12,3.17,2026-03-05,2026-03-05,0,3.0,5,2026-03-10,2026-03-10,0,3.06,0.06000000000000005,2.0000000000000018,OK
BAMLH0A0HYM2,2026-03-12,3.17,2026-03-05,2026-03-05,0,3.0,6,2026-03-11,2026-03-11,0,3.09,0.08999999999999986,3.0000000000000027,OK
BAMLH0A0HYM2,2026-03-12,3.17,2026-03-05,2026-03-05,0,3.0,7,2026-03-12,2026-03-12,0,3.17,0.16999999999999993,5.666666666666664,OK
BAMLH0A0HYM2,2026-03-12,3.17,2026-03-05,2026-03-05,0,3.0,8,2026-03-13,2026-03-12,1,3.17,0.16999999999999993,5.666666666666664,OK
BAMLH0A0HYM2,2026-03-12,3.17,2026-03-05,2026-03-05,0,3.0,9,2026-03-14,2026-03-12,2,3.17,0.16999999999999993,5.666666666666664,OK
BAMLH0A0HYM2,2026-03-12,3.17,2026-03-05,2026-03-05,0,3.0,10,2026-03-15,2026-03-12,3,3.17,0.16999999999999993,5.666666666666664,OK
DCOILWTICO,2026-03-09,94.65,2025-04-07,2025-04-07,0,61.05,-10,2025-03-28,2025-03-28,0,69.74,8.689999999999998,14.234234234234222,OK
DCOILWTICO,2026-03-09,94.65,2025-04-07,2025-04-07,0,61.05,-9,2025-03-29,2025-03-28,1,69.74,8.689999999999998,14.234234234234222,OK
DCOILWTICO,2026-03-09,94.65,2025-04-07,2025-04-07,0,61.05,-8,2025-03-30,2025-03-28,2,69.74,8.689999999999998,14.234234234234222,OK
DCOILWTICO,2026-03-09,94.65,2025-04-07,2025-04-07,0,61.05,-7,2025-03-31,2025-03-31,0,71.87,10.820000000000007,17.72317772317773,OK
DCOILWTICO,2026-03-09,94.65,2025-04-07,2025-04-07,0,61.05,-6,2025-04-01,2025-04-01,0,71.61,10.560000000000002,17.2972972972973,OK
DCOILWTICO,2026-03-09,94.65,2025-04-07,2025-04-07,0,61.05,-5,2025-04-02,2025-04-02,0,72.12,11.070000000000007,18.132678132678137,OK
DCOILWTICO,2026-03-09,94.65,2025-04-07,2025-04-07,0,61.05,-4,2025-04-03,2025-04-03,0,67.43,6.38000000000001,10.450450450450477,OK
DCOILWTICO,2026-03-09,94.65,2025-04-07,2025-04-07,0,61.05,-3,2025-04-04,2025-04-04,0,62.42,1.3700000000000045,2.2440622440622615,OK
DCOILWTICO,2026-03-09,94.65,2025-04-07,2025-04-07,0,61.05,-2,2025-04-05,2025-04-04,1,62.42,1.3700000000000045,2.2440622440622615,OK
DCOILWTICO,2026-03-09,94.65,2025-04-07,2025-04-07,0,61.05,-1,2025-04-06,2025-04-04,2,62.42,1.3700000000000045,2.2440622440622615,OK
DCOILWTICO,2026-03-09,94.65,2025-04-07,2025-04-07,0,61.05,0,2025-04-07,2025-04-07,0,61.05,0.0,0.0,OK
DCOILWTICO,2026-03-09,94.65,2025-04-07,2025-04-07,0,61.05,1,2025-04-08,2025-04-08,0,60.04,-1.009999999999998,-1.6543816543816536,OK
DCOILWTICO,2026-03-09,94.65,2025-04-07,2025-04-07,0,61.05,2,2025-04-09,2025-04-09,0,62.63,1.5800000000000054,2.588042588042594,OK
DCOILWTICO,2026-03-09,94.65,2025-04-07,2025-04-07,0,61.05,3,2025-04-10,2025-04-10,0,60.57,-0.4799999999999969,-0.7862407862407772,OK
DCOILWTICO,2026-03-09,94.65,2025-04-07,2025-04-07,0,61.05,4,2025-04-11,2025-04-11,0,61.91,0.8599999999999994,1.4086814086814003,OK
DCOILWTICO,2026-03-09,94.65,2025-04-07,2025-04-07,0,61.05,5,2025-04-12,2025-04-11,1,61.91,0.8599999999999994,1.4086814086814003,OK
DCOILWTICO,2026-03-09,94.65,2025-04-07,2025-04-07,0,61.05,6,2025-04-13,2025-04-11,2,61.91,0.8599999999999994,1.4086814086814003,OK
DCOILWTICO,2026-03-09,94.65,2025-04-07,2025-04-07,0,61.05,7,2025-04-14,2025-04-14,0,61.99,0.9400000000000048,1.5397215397215502,OK
DCOILWTICO,2026-03-09,94.65,2025-04-07,2025-04-07,0,61.05,8,2025-04-15,2025-04-15,0,61.74,0.6900000000000048,1.130221130221143,OK
DCOILWTICO,2026-03-09,94.65,2025-04-07,2025-04-07,0,61.05,9,2025-04-16,2025-04-16,0,62.88,1.8300000000000054,2.9975429975430012,OK
DCOILWTICO,2026-03-09,94.65,2025-04-07,2025-04-07,0,61.05,10,2025-04-17,2025-04-17,0,65.07,4.019999999999996,6.584766584766588,OK
DCOILWTICO,2026-03-09,94.65,2026-03-05,2026-03-05,0,80.88,-10,2026-02-23,2026-02-23,0,66.36,-14.519999999999996,-17.95252225519287,OK
DCOILWTICO,2026-03-09,94.65,2026-03-05,2026-03-05,0,80.88,-9,2026-02-24,2026-02-24,0,65.62,-15.259999999999991,-18.867457962413436,OK
DCOILWTICO,2026-03-09,94.65,2026-03-05,2026-03-05,0,80.88,-8,2026-02-25,2026-02-25,0,65.3,-15.579999999999998,-19.263105835806126,OK
DCOILWTICO,2026-03-09,94.65,2026-03-05,2026-03-05,0,80.88,-7,2026-02-26,2026-02-26,0,65.1,-15.780000000000001,-19.510385756676563,OK
DCOILWTICO,2026-03-09,94.65,2026-03-05,2026-03-05,0,80.88,-6,2026-02-27,2026-02-27,0,66.96,-13.920000000000002,-17.210682492581608,OK
DCOILWTICO,2026-03-09,94.65,2026-03-05,2026-03-05,0,80.88,-5,2026-02-28,2026-02-27,1,66.96,-13.920000000000002,-17.210682492581608,OK
DCOILWTICO,2026-03-09,94.65,2026-03-05,2026-03-05,0,80.88,-4,2026-03-01,2026-02-27,2,66.96,-13.920000000000002,-17.210682492581608,OK
DCOILWTICO,2026-03-09,94.65,2026-03-05,2026-03-05,0,80.88,-3,2026-03-02,2026-03-02,0,71.13,-9.75,-12.054896142433236,OK
DCOILWTICO,2026-03-09,94.65,2026-03-05,2026-03-05,0,80.88,-2,2026-03-03,2026-03-03,0,74.48,-6.3999999999999915,-7.912957467853598,OK
DCOILWTICO,2026-03-09,94.65,2026-03-05,2026-03-05,0,80.88,-1,2026-03-04,2026-03-04,0,74.58,-6.299999999999997,-7.789317507418392,OK
DCOILWTICO,2026-03-09,94.65,2026-03-05,2026-03-05,0,80.88,0,2026-03-05,2026-03-05,0,80.88,0.0,0.0,OK
DCOILWTICO,2026-03-09,94.65,2026-03-05,2026-03-05,0,80.88,1,2026-03-06,2026-03-06,0,90.77,9.89,12.227992087042526,OK
DCOILWTICO,2026-03-09,94.65,2026-03-05,2026-03-05,0,80.88,2,2026-03-07,2026-03-06,1,90.77,9.89,12.227992087042526,OK
DCOILWTICO,2026-03-09,94.65,2026-03-05,2026-03-05,0,80.88,3,2026-03-08,2026-03-06,2,90.77,9.89,12.227992087042526,OK
DCOILWTICO,2026-03-09,94.65,2026-03-05,2026-03-05,0,80.88,4,2026-03-09,2026-03-09,0,94.65,13.77000000000001,17.0252225519288,OK
DCOILWTICO,2026-03-09,94.65,2026-03-05,2026-03-05,0,80.88,5,2026-03-10,2026-03-09,1,94.65,13.77000000000001,17.0252225519288,OK
DCOILWTICO,2026-03-09,94.65,2026-03-05,2026-03-05,0,80.88,6,2026-03-11,2026-03-09,2,94.65,13.77000000000001,17.0252225519288,OK
DCOILWTICO,2026-03-09,94.65,2026-03-05,2026-03-05,0,80.88,7,2026-03-12,2026-03-09,3,94.65,13.77000000000001,17.0252225519288,OK
DCOILWTICO,2026-03-09,94.65,2026-03-05,2026-03-05,0,80.88,8,2026-03-13,2026-03-09,4,94.65,13.77000000000001,17.0252225519288,OK
DCOILWTICO,2026-03-09,94.65,2026-03-05,2026-03-05,0,80.88,9,2026-03-14,2026-03-09,5,94.65,13.77000000000001,17.0252225519288,OK
DCOILWTICO,2026-03-09,94.65,2026-03-05,2026-03-05,0,80.88,10,2026-03-15,2026-03-09,6,94.65,13.77000000000001,17.0252225519288,OK
DGS10,2026-03-12,4.27,2025-04-07,2025-04-07,0,4.15,-10,2025-03-28,2025-03-28,0,4.27,0.11999999999999922,2.891566265060219,OK
DGS10,2026-03-12,4.27,2025-04-07,2025-04-07,0,4.15,-9,2025-03-29,2025-03-28,1,4.27,0.11999999999999922,2.891566265060219,OK
DGS10,2026-03-12,4.27,2025-04-07,2025-04-07,0,4.15,-8,2025-03-30,2025-03-28,2,4.27,0.11999999999999922,2.891566265060219,OK
DGS10,2026-03-12,4.27,2025-04-07,2025-04-07,0,4.15,-7,2025-03-31,2025-03-31,0,4.23,0.08000000000000007,1.9277108433734869,OK
DGS10,2026-03-12,4.27,2025-04-07,2025-04-07,0,4.15,-6,2025-04-01,2025-04-01,0,4.17,0.019999999999999574,0.48192771084336616,OK
DGS10,2026-03-12,4.27,2025-04-07,2025-04-07,0,4.15,-5,2025-04-02,2025-04-02,0,4.2,0.04999999999999982,1.2048192771084265,OK
DGS10,2026-03-12,4.27,2025-04-07,2025-04-07,0,4.15,-4,2025-04-03,2025-04-03,0,4.06,-0.09000000000000075,-2.1686746987952032,OK
DGS10,2026-03-12,4.27,2025-04-07,2025-04-07,0,4.15,-3,2025-04-04,2025-04-04,0,4.01,-0.14000000000000057,-3.3734939759036298,OK
DGS10,2026-03-12,4.27,2025-04-07,2025-04-07,0,4.15,-2,2025-04-05,2025-04-04,1,4.01,-0.14000000000000057,-3.3734939759036298,OK
DGS10,2026-03-12,4.27,2025-04-07,2025-04-07,0,4.15,-1,2025-04-06,2025-04-04,2,4.01,-0.14000000000000057,-3.3734939759036298,OK
DGS10,2026-03-12,4.27,2025-04-07,2025-04-07,0,4.15,0,2025-04-07,2025-04-07,0,4.15,0.0,0.0,OK
DGS10,2026-03-12,4.27,2025-04-07,2025-04-07,0,4.15,1,2025-04-08,2025-04-08,0,4.26,0.10999999999999943,2.650602409638547,OK
DGS10,2026-03-12,4.27,2025-04-07,2025-04-07,0,4.15,2,2025-04-09,2025-04-09,0,4.34,0.1899999999999995,4.578313253012034,OK
DGS10,2026-03-12,4.27,2025-04-07,2025-04-07,0,4.15,3,2025-04-10,2025-04-10,0,4.4,0.25,6.024096385542177,OK
DGS10,2026-03-12,4.27,2025-04-07,2025-04-07,0,4.15,4,2025-04-11,2025-04-11,0,4.48,0.33000000000000007,7.951807228915664,OK
DGS10,2026-03-12,4.27,2025-04-07,2025-04-07,0,4.15,5,2025-04-12,2025-04-11,1,4.48,0.33000000000000007,7.951807228915664,OK
DGS10,2026-03-12,4.27,2025-04-07,2025-04-07,0,4.15,6,2025-04-13,2025-04-11,2,4.48,0.33000000000000007,7.951807228915664,OK
DGS10,2026-03-12,4.27,2025-04-07,2025-04-07,0,4.15,7,2025-04-14,2025-04-14,0,4.38,0.22999999999999954,5.542168674698789,OK
DGS10,2026-03-12,4.27,2025-04-07,2025-04-07,0,4.15,8,2025-04-15,2025-04-15,0,4.35,0.1999999999999993,4.819277108433728,OK
DGS10,2026-03-12,4.27,2025-04-07,2025-04-07,0,4.15,9,2025-04-16,2025-04-16,0,4.29,0.13999999999999968,3.3734939759036076,OK
DGS10,2026-03-12,4.27,2025-04-07,2025-04-07,0,4.15,10,2025-04-17,2025-04-17,0,4.34,0.1899999999999995,4.578313253012034,OK
DGS10,2026-03-12,4.27,2026-03-05,2026-03-05,0,4.13,-10,2026-02-23,2026-02-23,0,4.03,-0.09999999999999964,-2.4213075060532607,OK
DGS10,2026-03-12,4.27,2026-03-05,2026-03-05,0,4.13,-9,2026-02-24,2026-02-24,0,4.04,-0.08999999999999986,-2.1791767554479424,OK
DGS10,2026-03-12,4.27,2026-03-05,2026-03-05,0,4.13,-8,2026-02-25,2026-02-25,0,4.05,-0.08000000000000007,-1.937046004842613,OK
DGS10,2026-03-12,4.27,2026-03-05,2026-03-05,0,4.13,-7,2026-02-26,2026-02-26,0,4.02,-0.11000000000000032,-2.6634382566586012,OK
DGS10,2026-03-12,4.27,2026-03-05,2026-03-05,0,4.13,-6,2026-02-27,2026-02-27,0,3.97,-0.1599999999999997,-3.874092009685226,OK
DGS10,2026-03-12,4.27,2026-03-05,2026-03-05,0,4.13,-5,2026-02-28,2026-02-27,1,3.97,-0.1599999999999997,-3.874092009685226,OK
DGS10,2026-03-12,4.27,2026-03-05,2026-03-05,0,4.13,-4,2026-03-01,2026-02-27,2,3.97,-0.1599999999999997,-3.874092009685226,OK
DGS10,2026-03-12,4.27,2026-03-05,2026-03-05,0,4.13,-3,2026-03-02,2026-03-02,0,4.05,-0.08000000000000007,-1.937046004842613,OK
DGS10,2026-03-12,4.27,2026-03-05,2026-03-05,0,4.13,-2,2026-03-03,2026-03-03,0,4.06,-0.07000000000000028,-1.6949152542372947,OK
DGS10,2026-03-12,4.27,2026-03-05,2026-03-05,0,4.13,-1,2026-03-04,2026-03-04,0,4.09,-0.040000000000000036,-0.9685230024213065,OK
DGS10,2026-03-12,4.27,2026-03-05,2026-03-05,0,4.13,0,2026-03-05,2026-03-05,0,4.13,0.0,0.0,OK
DGS10,2026-03-12,4.27,2026-03-05,2026-03-05,0,4.13,1,2026-03-06,2026-03-06,0,4.15,0.020000000000000462,0.4842615012106588,OK
DGS10,2026-03-12,4.27,2026-03-05,2026-03-05,0,4.13,2,2026-03-07,2026-03-06,1,4.15,0.020000000000000462,0.4842615012106588,OK
DGS10,2026-03-12,4.27,2026-03-05,2026-03-05,0,4.13,3,2026-03-08,2026-03-06,2,4.15,0.020000000000000462,0.4842615012106588,OK
DGS10,2026-03-12,4.27,2026-03-05,2026-03-05,0,4.13,4,2026-03-09,2026-03-09,0,4.12,-0.009999999999999787,-0.2421307506053183,OK
DGS10,2026-03-12,4.27,2026-03-05,2026-03-05,0,4.13,5,2026-03-10,2026-03-10,0,4.15,0.020000000000000462,0.4842615012106588,OK
DGS10,2026-03-12,4.27,2026-03-05,2026-03-05,0,4.13,6,2026-03-11,2026-03-11,0,4.21,0.08000000000000007,1.937046004842613,OK
DGS10,2026-03-12,4.27,2026-03-05,2026-03-05,0,4.13,7,2026-03-12,2026-03-12,0,4.27,0.13999999999999968,3.3898305084745672,OK
DGS10,2026-03-12,4.27,2026-03-05,2026-03-05,0,4.13,8,2026-03-13,2026-03-12,1,4.27,0.13999999999999968,3.3898305084745672,OK
DGS10,2026-03-12,4.27,2026-03-05,2026-03-05,0,4.13,9,2026-03-14,2026-03-12,2,4.27,0.13999999999999968,3.3898305084745672,OK
DGS10,2026-03-12,4.27,2026-03-05,2026-03-05,0,4.13,10,2026-03-15,2026-03-12,3,4.27,0.13999999999999968,3.3898305084745672,OK
DGS2,2026-03-12,3.76,2025-04-07,2025-04-07,0,3.73,-10,2025-03-28,2025-03-28,0,3.89,0.16000000000000014,4.289544235924936,OK
DGS2,2026-03-12,3.76,2025-04-07,2025-04-07,0,3.73,-9,2025-03-29,2025-03-28,1,3.89,0.16000000000000014,4.289544235924936,OK
DGS2,2026-03-12,3.76,2025-04-07,2025-04-07,0,3.73,-8,2025-03-30,2025-03-28,2,3.89,0.16000000000000014,4.289544235924936,OK
DGS2,2026-03-12,3.76,2025-04-07,2025-04-07,0,3.73,-7,2025-03-31,2025-03-31,0,3.89,0.16000000000000014,4.289544235924936,OK
DGS2,2026-03-12,3.76,2025-04-07,2025-04-07,0,3.73,-6,2025-04-01,2025-04-01,0,3.87,0.14000000000000012,3.753351206434319,OK
DGS2,2026-03-12,3.76,2025-04-07,2025-04-07,0,3.73,-5,2025-04-02,2025-04-02,0,3.91,0.18000000000000016,4.825737265415553,OK
DGS2,2026-03-12,3.76,2025-04-07,2025-04-07,0,3.73,-4,2025-04-03,2025-04-03,0,3.71,-0.020000000000000018,-0.536193029490617,OK
DGS2,2026-03-12,3.76,2025-04-07,2025-04-07,0,3.73,-3,2025-04-04,2025-04-04,0,3.68,-0.04999999999999982,-1.3404825737265313,OK
DGS2,2026-03-12,3.76,2025-04-07,2025-04-07,0,3.73,-2,2025-04-05,2025-04-04,1,3.68,-0.04999999999999982,-1.3404825737265313,OK
DGS2,2026-03-12,3.76,2025-04-07,2025-04-07,0,3.73,-1,2025-04-06,2025-04-04,2,3.68,-0.04999999999999982,-1.3404825737265313,OK
DGS2,2026-03-12,3.76,2025-04-07,2025-04-07,0,3.73,0,2025-04-07,2025-04-07,0,3.73,0.0,0.0,OK
DGS2,2026-03-12,3.76,2025-04-07,2025-04-07,0,3.73,1,2025-04-08,2025-04-08,0,3.71,-0.020000000000000018,-0.536193029490617,OK
DGS2,2026-03-12,3.76,2025-04-07,2025-04-07,0,3.73,2,2025-04-09,2025-04-09,0,3.91,0.18000000000000016,4.825737265415553,OK
DGS2,2026-03-12,3.76,2025-04-07,2025-04-07,0,3.73,3,2025-04-10,2025-04-10,0,3.84,0.10999999999999988,2.9490616621983934,OK
DGS2,2026-03-12,3.76,2025-04-07,2025-04-07,0,3.73,4,2025-04-11,2025-04-11,0,3.96,0.22999999999999998,6.166219839142095,OK
DGS2,2026-03-12,3.76,2025-04-07,2025-04-07,0,3.73,5,2025-04-12,2025-04-11,1,3.96,0.22999999999999998,6.166219839142095,OK
DGS2,2026-03-12,3.76,2025-04-07,2025-04-07,0,3.73,6,2025-04-13,2025-04-11,2,3.96,0.22999999999999998,6.166219839142095,OK
DGS2,2026-03-12,3.76,2025-04-07,2025-04-07,0,3.73,7,2025-04-14,2025-04-14,0,3.84,0.10999999999999988,2.9490616621983934,OK
DGS2,2026-03-12,3.76,2025-04-07,2025-04-07,0,3.73,8,2025-04-15,2025-04-15,0,3.84,0.10999999999999988,2.9490616621983934,OK
DGS2,2026-03-12,3.76,2025-04-07,2025-04-07,0,3.73,9,2025-04-16,2025-04-16,0,3.77,0.040000000000000036,1.072386058981234,OK
DGS2,2026-03-12,3.76,2025-04-07,2025-04-07,0,3.73,10,2025-04-17,2025-04-17,0,3.81,0.08000000000000007,2.144772117962468,OK
DGS2,2026-03-12,3.76,2026-03-05,2026-03-05,0,3.57,-10,2026-02-23,2026-02-23,0,3.43,-0.13999999999999968,-3.9215686274509665,OK
DGS2,2026-03-12,3.76,2026-03-05,2026-03-05,0,3.57,-9,2026-02-24,2026-02-24,0,3.43,-0.13999999999999968,-3.9215686274509665,OK
DGS2,2026-03-12,3.76,2026-03-05,2026-03-05,0,3.57,-8,2026-02-25,2026-02-25,0,3.45,-0.11999999999999966,-3.361344537815114,OK
DGS2,2026-03-12,3.76,2026-03-05,2026-03-05,0,3.57,-7,2026-02-26,2026-02-26,0,3.42,-0.1499999999999999,-4.201680672268903,OK
DGS2,2026-03-12,3.76,2026-03-05,2026-03-05,0,3.57,-6,2026-02-27,2026-02-27,0,3.38,-0.18999999999999995,-5.3221288515406195,OK
DGS2,2026-03-12,3.76,2026-03-05,2026-03-05,0,3.57,-5,2026-02-28,2026-02-27,1,3.38,-0.18999999999999995,-5.3221288515406195,OK
DGS2,2026-03-12,3.76,2026-03-05,2026-03-05,0,3.57,-4,2026-03-01,2026-02-27,2,3.38,-0.18999999999999995,-5.3221288515406195,OK
DGS2,2026-03-12,3.76,2026-03-05,2026-03-05,0,3.57,-3,2026-03-02,2026-03-02,0,3.47,-0.09999999999999964,-2.8011204481792618,OK
DGS2,2026-03-12,3.76,2026-03-05,2026-03-05,0,3.57,-2,2026-03-03,2026-03-03,0,3.51,-0.06000000000000005,-1.6806722689075682,OK
DGS2,2026-03-12,3.76,2026-03-05,2026-03-05,0,3.57,-1,2026-03-04,2026-03-04,0,3.54,-0.029999999999999805,-0.8403361344537785,OK
DGS2,2026-03-12,3.76,2026-03-05,2026-03-05,0,3.57,0,2026-03-05,2026-03-05,0,3.57,0.0,0.0,OK
DGS2,2026-03-12,3.76,2026-03-05,2026-03-05,0,3.57,1,2026-03-06,2026-03-06,0,3.56,-0.009999999999999787,-0.2801120448179262,OK
DGS2,2026-03-12,3.76,2026-03-05,2026-03-05,0,3.57,2,2026-03-07,2026-03-06,1,3.56,-0.009999999999999787,-0.2801120448179262,OK
DGS2,2026-03-12,3.76,2026-03-05,2026-03-05,0,3.57,3,2026-03-08,2026-03-06,2,3.56,-0.009999999999999787,-0.2801120448179262,OK
DGS2,2026-03-12,3.76,2026-03-05,2026-03-05,0,3.57,4,2026-03-09,2026-03-09,0,3.56,-0.009999999999999787,-0.2801120448179262,OK
DGS2,2026-03-12,3.76,2026-03-05,2026-03-05,0,3.57,5,2026-03-10,2026-03-10,0,3.57,0.0,0.0,OK
DGS2,2026-03-12,3.76,2026-03-05,2026-03-05,0,3.57,6,2026-03-11,2026-03-11,0,3.64,0.07000000000000028,1.9607843137255054,OK
DGS2,2026-03-12,3.76,2026-03-05,2026-03-05,0,3.57,7,2026-03-12,2026-03-12,0,3.76,0.18999999999999995,5.3221288515406195,OK
DGS2,2026-03-12,3.76,2026-03-05,2026-03-05,0,3.57,8,2026-03-13,2026-03-12,1,3.76,0.18999999999999995,5.3221288515406195,OK
DGS2,2026-03-12,3.76,2026-03-05,2026-03-05,0,3.57,9,2026-03-14,2026-03-12,2,3.76,0.18999999999999995,5.3221288515406195,OK
DGS2,2026-03-12,3.76,2026-03-05,2026-03-05,0,3.57,10,2026-03-15,2026-03-12,3,3.76,0.18999999999999995,5.3221288515406195,OK
DJIA,2026-03-13,46558.47,2025-04-07,2025-04-07,0,37965.6,-10,2025-03-28,2025-03-28,0,41583.9,3618.300000000003,9.530469688349452,OK
DJIA,2026-03-13,46558.47,2025-04-07,2025-04-07,0,37965.6,-9,2025-03-29,2025-03-28,1,41583.9,3618.300000000003,9.530469688349452,OK
DJIA,2026-03-13,46558.47,2025-04-07,2025-04-07,0,37965.6,-8,2025-03-30,2025-03-28,2,41583.9,3618.300000000003,9.530469688349452,OK
DJIA,2026-03-13,46558.47,2025-04-07,2025-04-07,0,37965.6,-7,2025-03-31,2025-03-31,0,42001.76,4036.1600000000035,10.631097625218633,OK
DJIA,2026-03-13,46558.47,2025-04-07,2025-04-07,0,37965.6,-6,2025-04-01,2025-04-01,0,41989.96,4024.3600000000006,10.600016857365624,OK
DJIA,2026-03-13,46558.47,2025-04-07,2025-04-07,0,37965.6,-5,2025-04-02,2025-04-02,0,42225.32,4259.720000000001,11.219946477864173,OK
DJIA,2026-03-13,46558.47,2025-04-07,2025-04-07,0,37965.6,-4,2025-04-03,2025-04-03,0,40545.93,2580.3300000000017,6.796494721537405,OK
DJIA,2026-03-13,46558.47,2025-04-07,2025-04-07,0,37965.6,-3,2025-04-04,2025-04-04,0,38314.86,349.26000000000204,0.9199380491813791,OK
DJIA,2026-03-13,46558.47,2025-04-07,2025-04-07,0,37965.6,-2,2025-04-05,2025-04-04,1,38314.86,349.26000000000204,0.9199380491813791,OK
DJIA,2026-03-13,46558.47,2025-04-07,2025-04-07,0,37965.6,-1,2025-04-06,2025-04-04,2,38314.86,349.26000000000204,0.9199380491813791,OK
DJIA,2026-03-13,46558.47,2025-04-07,2025-04-07,0,37965.6,0,2025-04-07,2025-04-07,0,37965.6,0.0,0.0,OK
DJIA,2026-03-13,46558.47,2025-04-07,2025-04-07,0,37965.6,1,2025-04-08,2025-04-08,0,37645.59,-320.01000000000204,-0.8428946203932086,OK
DJIA,2026-03-13,46558.47,2025-04-07,2025-04-07,0,37965.6,2,2025-04-09,2025-04-09,0,40608.45,2642.8499999999985,6.961170111890769,OK
DJIA,2026-03-13,46558.47,2025-04-07,2025-04-07,0,37965.6,3,2025-04-10,2025-04-10,0,39593.66,1628.060000000005,4.288250416166228,OK
DJIA,2026-03-13,46558.47,2025-04-07,2025-04-07,0,37965.6,4,2025-04-11,2025-04-11,0,40212.71,2247.1100000000006,5.918805444929087,OK
DJIA,2026-03-13,46558.47,2025-04-07,2025-04-07,0,37965.6,5,2025-04-12,2025-04-11,1,40212.71,2247.1100000000006,5.918805444929087,OK
DJIA,2026-03-13,46558.47,2025-04-07,2025-04-07,0,37965.6,6,2025-04-13,2025-04-11,2,40212.71,2247.1100000000006,5.918805444929087,OK
DJIA,2026-03-13,46558.47,2025-04-07,2025-04-07,0,37965.6,7,2025-04-14,2025-04-14,0,40524.79,2559.1900000000023,6.740812735739721,OK
DJIA,2026-03-13,46558.47,2025-04-07,2025-04-07,0,37965.6,8,2025-04-15,2025-04-15,0,40368.96,2403.3600000000006,6.3303622226436485,OK
DJIA,2026-03-13,46558.47,2025-04-07,2025-04-07,0,37965.6,9,2025-04-16,2025-04-16,0,39669.39,1703.7900000000009,4.48772046273469,OK
DJIA,2026-03-13,46558.47,2025-04-07,2025-04-07,0,37965.6,10,2025-04-17,2025-04-17,0,39142.23,1176.6300000000047,3.099200328718643,OK
DJIA,2026-03-13,46558.47,2026-03-05,2026-03-05,0,47954.74,-10,2026-02-23,2026-02-23,0,48804.06,849.3199999999997,1.7710866537906433,OK
DJIA,2026-03-13,46558.47,2026-03-05,2026-03-05,0,47954.74,-9,2026-02-24,2026-02-24,0,49174.5,1219.760000000002,2.543565036532369,OK
DJIA,2026-03-13,46558.47,2026-03-05,2026-03-05,0,47954.74,-8,2026-02-25,2026-02-25,0,49482.15,1527.4100000000035,3.185107457573544,OK
DJIA,2026-03-13,46558.47,2026-03-05,2026-03-05,0,47954.74,-7,2026-02-26,2026-02-26,0,49499.2,1544.4599999999991,3.2206618157037292,OK
DJIA,2026-03-13,46558.47,2026-03-05,2026-03-05,0,47954.74,-6,2026-02-27,2026-02-27,0,48977.92,1023.1800000000003,2.133636841738684,OK
DJIA,2026-03-13,46558.47,2026-03-05,2026-03-05,0,47954.74,-5,2026-02-28,2026-02-27,1,48977.92,1023.1800000000003,2.133636841738684,OK
DJIA,2026-03-13,46558.47,2026-03-05,2026-03-05,0,47954.74,-4,2026-03-01,2026-02-27,2,48977.92,1023.1800000000003,2.133636841738684,OK
DJIA,2026-03-13,46558.47,2026-03-05,2026-03-05,0,47954.74,-3,2026-03-02,2026-03-02,0,48904.78,950.0400000000009,1.981118029208373,OK
DJIA,2026-03-13,46558.47,2026-03-05,2026-03-05,0,47954.74,-2,2026-03-03,2026-03-03,0,48501.27,546.5299999999988,1.1396787887912652,OK
DJIA,2026-03-13,46558.47,2026-03-05,2026-03-05,0,47954.74,-1,2026-03-04,2026-03-04,0,48739.41,784.6700000000055,1.6362720348395365,OK
DJIA,2026-03-13,46558.47,2026-03-05,2026-03-05,0,47954.74,0,2026-03-05,2026-03-05,0,47954.74,0.0,0.0,OK
DJIA,2026-03-13,46558.47,2026-03-05,2026-03-05,0,47954.74,1,2026-03-06,2026-03-06,0,47501.55,-453.18999999999505,-0.9450369243999557,OK
DJIA,2026-03-13,46558.47,2026-03-05,2026-03-05,0,47954.74,2,2026-03-07,2026-03-06,1,47501.55,-453.18999999999505,-0.9450369243999557,OK
DJIA,2026-03-13,46558.47,2026-03-05,2026-03-05,0,47954.74,3,2026-03-08,2026-03-06,2,47501.55,-453.18999999999505,-0.9450369243999557,OK
DJIA,2026-03-13,46558.47,2026-03-05,2026-03-05,0,47954.74,4,2026-03-09,2026-03-09,0,47740.8,-213.93999999999505,-0.4461289957989445,OK
DJIA,2026-03-13,46558.47,2026-03-05,2026-03-05,0,47954.74,5,2026-03-10,2026-03-10,0,47706.51,-248.22999999999593,-0.5176339189827628,OK
DJIA,2026-03-13,46558.47,2026-03-05,2026-03-05,0,47954.74,6,2026-03-11,2026-03-11,0,47417.27,-537.4700000000012,-1.1207859744417403,OK
DJIA,2026-03-13,46558.47,2026-03-05,2026-03-05,0,47954.74,7,2026-03-12,2026-03-12,0,46677.85,-1276.8899999999994,-2.662698202513447,OK
DJIA,2026-03-13,46558.47,2026-03-05,2026-03-05,0,47954.74,8,2026-03-13,2026-03-13,0,46558.47,-1396.2699999999968,-2.911641268412668,OK
DJIA,2026-03-13,46558.47,2026-03-05,2026-03-05,0,47954.74,9,2026-03-14,2026-03-13,1,46558.47,-1396.2699999999968,-2.911641268412668,OK
DJIA,2026-03-13,46558.47,2026-03-05,2026-03-05,0,47954.74,10,2026-03-15,2026-03-13,2,46558.47,-1396.2699999999968,-2.911641268412668,OK
DTWEXBGS,2026-03-06,119.491,2025-04-07,2025-04-07,0,127.0629,-10,2025-03-28,2025-03-28,0,126.6599,-0.4030000000000058,-0.31716575019145044,OK
DTWEXBGS,2026-03-06,119.491,2025-04-07,2025-04-07,0,127.0629,-9,2025-03-29,2025-03-28,1,126.6599,-0.4030000000000058,-0.31716575019145044,OK
DTWEXBGS,2026-03-06,119.491,2025-04-07,2025-04-07,0,127.0629,-8,2025-03-30,2025-03-28,2,126.6599,-0.4030000000000058,-0.31716575019145044,OK
DTWEXBGS,2026-03-06,119.491,2025-04-07,2025-04-07,0,127.0629,-7,2025-03-31,2025-03-31,0,126.9402,-0.1226999999999947,-0.09656634627416283,OK
DTWEXBGS,2026-03-06,119.491,2025-04-07,2025-04-07,0,127.0629,-6,2025-04-01,2025-04-01,0,126.6783,-0.38460000000000605,-0.30268473330925527,OK
DTWEXBGS,2026-03-06,119.491,2025-04-07,2025-04-07,0,127.0629,-5,2025-04-02,2025-04-02,0,126.6284,-0.4344999999999999,-0.3419566214843184,OK
DTWEXBGS,2026-03-06,119.491,2025-04-07,2025-04-07,0,127.0629,-4,2025-04-03,2025-04-03,0,125.0254,-2.0374999999999943,-1.6035365161663928,OK
DTWEXBGS,2026-03-06,119.491,2025-04-07,2025-04-07,0,127.0629,-3,2025-04-04,2025-04-04,0,126.0693,-0.9936000000000007,-0.7819749116382502,OK
DTWEXBGS,2026-03-06,119.491,2025-04-07,2025-04-07,0,127.0629,-2,2025-04-05,2025-04-04,1,126.0693,-0.9936000000000007,-0.7819749116382502,OK
DTWEXBGS,2026-03-06,119.491,2025-04-07,2025-04-07,0,127.0629,-1,2025-04-06,2025-04-04,2,126.0693,-0.9936000000000007,-0.7819749116382502,OK
DTWEXBGS,2026-03-06,119.491,2025-04-07,2025-04-07,0,127.0629,0,2025-04-07,2025-04-07,0,127.0629,0.0,0.0,OK
DTWEXBGS,2026-03-06,119.491,2025-04-07,2025-04-07,0,127.0629,1,2025-04-08,2025-04-08,0,127.1122,0.04930000000000234,0.038799681102830164,OK
DTWEXBGS,2026-03-06,119.491,2025-04-07,2025-04-07,0,127.0629,2,2025-04-09,2025-04-09,0,126.8819,-0.18099999999999739,-0.1424491334606648,OK
DTWEXBGS,2026-03-06,119.491,2025-04-07,2025-04-07,0,127.0629,3,2025-04-10,2025-04-10,0,125.3694,-1.6935000000000002,-1.332804461412418,OK
DTWEXBGS,2026-03-06,119.491,2025-04-07,2025-04-07,0,127.0629,4,2025-04-11,2025-04-11,0,124.3156,-2.7472999999999956,-2.1621574826326095,OK
DTWEXBGS,2026-03-06,119.491,2025-04-07,2025-04-07,0,127.0629,5,2025-04-12,2025-04-11,1,124.3156,-2.7472999999999956,-2.1621574826326095,OK
DTWEXBGS,2026-03-06,119.491,2025-04-07,2025-04-07,0,127.0629,6,2025-04-13,2025-04-11,2,124.3156,-2.7472999999999956,-2.1621574826326095,OK
DTWEXBGS,2026-03-06,119.491,2025-04-07,2025-04-07,0,127.0629,7,2025-04-14,2025-04-14,0,123.9908,-3.072100000000006,-2.4177789110747527,OK
DTWEXBGS,2026-03-06,119.491,2025-04-07,2025-04-07,0,127.0629,8,2025-04-15,2025-04-15,0,124.1129,-2.950000000000003,-2.321684771872834,OK
DTWEXBGS,2026-03-06,119.491,2025-04-07,2025-04-07,0,127.0629,9,2025-04-16,2025-04-16,0,123.6167,-3.4462000000000046,-2.712200020619715,OK
DTWEXBGS,2026-03-06,119.491,2025-04-07,2025-04-07,0,127.0629,10,2025-04-17,2025-04-17,0,123.4733,-3.5896000000000043,-2.825057510886342,OK
DTWEXBGS,2026-03-06,119.491,2026-03-05,2026-03-05,0,119.5683,-10,2026-02-23,2026-02-23,0,117.9395,-1.6287999999999982,-1.3622339700405495,OK
DTWEXBGS,2026-03-06,119.491,2026-03-05,2026-03-05,0,119.5683,-9,2026-02-24,2026-02-24,0,117.9463,-1.6219999999999999,-1.3565468439377337,OK
DTWEXBGS,2026-03-06,119.491,2026-03-05,2026-03-05,0,119.5683,-8,2026-02-25,2026-02-25,0,117.769,-1.7992999999999881,-1.5048302936480518,OK
DTWEXBGS,2026-03-06,119.491,2026-03-05,2026-03-05,0,119.5683,-7,2026-02-26,2026-02-26,0,117.9042,-1.6640999999999906,-1.39175684525078,OK
DTWEXBGS,2026-03-06,119.491,2026-03-05,2026-03-05,0,119.5683,-6,2026-02-27,2026-02-27,0,117.8223,-1.7459999999999951,-1.4602532611068253,OK
DTWEXBGS,2026-03-06,119.491,2026-03-05,2026-03-05,0,119.5683,-5,2026-02-28,2026-02-27,1,117.8223,-1.7459999999999951,-1.4602532611068253,OK
DTWEXBGS,2026-03-06,119.491,2026-03-05,2026-03-05,0,119.5683,-4,2026-03-01,2026-02-27,2,117.8223,-1.7459999999999951,-1.4602532611068253,OK
DTWEXBGS,2026-03-06,119.491,2026-03-05,2026-03-05,0,119.5683,-3,2026-03-02,2026-03-02,0,118.667,-0.901299999999992,-0.7537951112460362,OK
DTWEXBGS,2026-03-06,119.491,2026-03-05,2026-03-05,0,119.5683,-2,2026-03-03,2026-03-03,0,119.4341,-0.13419999999999277,-0.11223710632332073,OK
DTWEXBGS,2026-03-06,119.491,2026-03-05,2026-03-05,0,119.5683,-1,2026-03-04,2026-03-04,0,119.0705,-0.497799999999998,-0.4163310844094936,OK
DTWEXBGS,2026-03-06,119.491,2026-03-05,2026-03-05,0,119.5683,0,2026-03-05,2026-03-05,0,119.5683,0.0,0.0,OK
DTWEXBGS,2026-03-06,119.491,2026-03-05,2026-03-05,0,119.5683,1,2026-03-06,2026-03-06,0,119.491,-0.07729999999999393,-0.06464924231589508,OK
DTWEXBGS,2026-03-06,119.491,2026-03-05,2026-03-05,0,119.5683,2,2026-03-07,2026-03-06,1,119.491,-0.07729999999999393,-0.06464924231589508,OK
DTWEXBGS,2026-03-06,119.491,2026-03-05,2026-03-05,0,119.5683,3,2026-03-08,2026-03-06,2,119.491,-0.07729999999999393,-0.06464924231589508,OK
DTWEXBGS,2026-03-06,119.491,2026-03-05,2026-03-05,0,119.5683,4,2026-03-09,2026-03-06,3,119.491,-0.07729999999999393,-0.06464924231589508,OK
DTWEXBGS,2026-03-06,119.491,2026-03-05,2026-03-05,0,119.5683,5,2026-03-10,2026-03-06,4,119.491,-0.07729999999999393,-0.06464924231589508,OK
DTWEXBGS,2026-03-06,119.491,2026-03-05,2026-03-05,0,119.5683,6,2026-03-11,2026-03-06,5,119.491,-0.07729999999999393,-0.06464924231589508,OK
DTWEXBGS,2026-03-06,119.491,2026-03-05,2026-03-05,0,119.5683,7,2026-03-12,2026-03-06,6,119.491,-0.07729999999999393,-0.06464924231589508,OK
DTWEXBGS,2026-03-06,119.491,2026-03-05,2026-03-05,0,119.5683,8,2026-03-13,2026-03-06,7,119.491,-0.07729999999999393,-0.06464924231589508,OK
DTWEXBGS,2026-03-06,119.491,2026-03-05,2026-03-05,0,119.5683,9,2026-03-14,2026-03-06,8,119.491,-0.07729999999999393,-0.06464924231589508,STALE_MATCH
DTWEXBGS,2026-03-06,119.491,2026-03-05,2026-03-05,0,119.5683,10,2026-03-15,2026-03-06,9,119.491,-0.07729999999999393,-0.06464924231589508,STALE_MATCH
NASDAQCOM,2026-03-13,22105.36,2025-04-07,2025-04-07,0,15603.26,-10,2025-03-28,2025-03-28,0,17322.99,1719.7300000000014,11.02160702314774,OK
NASDAQCOM,2026-03-13,22105.36,2025-04-07,2025-04-07,0,15603.26,-9,2025-03-29,2025-03-28,1,17322.99,1719.7300000000014,11.02160702314774,OK
NASDAQCOM,2026-03-13,22105.36,2025-04-07,2025-04-07,0,15603.26,-8,2025-03-30,2025-03-28,2,17322.99,1719.7300000000014,11.02160702314774,OK
NASDAQCOM,2026-03-13,22105.36,2025-04-07,2025-04-07,0,15603.26,-7,2025-03-31,2025-03-31,0,17299.29,1696.0300000000007,10.86971568761912,OK
NASDAQCOM,2026-03-13,22105.36,2025-04-07,2025-04-07,0,15603.26,-6,2025-04-01,2025-04-01,0,17449.89,1846.6299999999992,11.834898604522381,OK
NASDAQCOM,2026-03-13,22105.36,2025-04-07,2025-04-07,0,15603.26,-5,2025-04-02,2025-04-02,0,17601.05,1997.789999999999,12.803670515007749,OK
NASDAQCOM,2026-03-13,22105.36,2025-04-07,2025-04-07,0,15603.26,-4,2025-04-03,2025-04-03,0,16550.61,947.3500000000004,6.071487625021943,OK
NASDAQCOM,2026-03-13,22105.36,2025-04-07,2025-04-07,0,15603.26,-3,2025-04-04,2025-04-04,0,15587.79,-15.469999999999345,-0.0991459477057921,OK
NASDAQCOM,2026-03-13,22105.36,2025-04-07,2025-04-07,0,15603.26,-2,2025-04-05,2025-04-04,1,15587.79,-15.469999999999345,-0.0991459477057921,OK
NASDAQCOM,2026-03-13,22105.36,2025-04-07,2025-04-07,0,15603.26,-1,2025-04-06,2025-04-04,2,15587.79,-15.469999999999345,-0.0991459477057921,OK
NASDAQCOM,2026-03-13,22105.36,2025-04-07,2025-04-07,0,15603.26,0,2025-04-07,2025-04-07,0,15603.26,0.0,0.0,OK
NASDAQCOM,2026-03-13,22105.36,2025-04-07,2025-04-07,0,15603.26,1,2025-04-08,2025-04-08,0,15267.91,-335.35000000000036,-2.1492303531441492,OK
NASDAQCOM,2026-03-13,22105.36,2025-04-07,2025-04-07,0,15603.26,2,2025-04-09,2025-04-09,0,17124.97,1521.710000000001,9.752513256845052,OK
NASDAQCOM,2026-03-13,22105.36,2025-04-07,2025-04-07,0,15603.26,3,2025-04-10,2025-04-10,0,16387.31,784.0500000000011,5.024911460810122,OK
NASDAQCOM,2026-03-13,22105.36,2025-04-07,2025-04-07,0,15603.26,4,2025-04-11,2025-04-11,0,16724.46,1121.199999999999,7.185677864753903,OK
NASDAQCOM,2026-03-13,22105.36,2025-04-07,2025-04-07,0,15603.26,5,2025-04-12,2025-04-11,1,16724.46,1121.199999999999,7.185677864753903,OK
NASDAQCOM,2026-03-13,22105.36,2025-04-07,2025-04-07,0,15603.26,6,2025-04-13,2025-04-11,2,16724.46,1121.199999999999,7.185677864753903,OK
NASDAQCOM,2026-03-13,22105.36,2025-04-07,2025-04-07,0,15603.26,7,2025-04-14,2025-04-14,0,16831.48,1228.2199999999993,7.871560173963643,OK
NASDAQCOM,2026-03-13,22105.36,2025-04-07,2025-04-07,0,15603.26,8,2025-04-15,2025-04-15,0,16823.17,1219.909999999998,7.818302072771965,OK
NASDAQCOM,2026-03-13,22105.36,2025-04-07,2025-04-07,0,15603.26,9,2025-04-16,2025-04-16,0,16307.16,703.8999999999996,4.511236754370551,OK
NASDAQCOM,2026-03-13,22105.36,2025-04-07,2025-04-07,0,15603.26,10,2025-04-17,2025-04-17,0,16286.45,683.1900000000005,4.378508081003596,OK
NASDAQCOM,2026-03-13,22105.36,2026-03-05,2026-03-05,0,22748.99,-10,2026-02-23,2026-02-23,0,22627.27,-121.72000000000116,-0.5350567211995005,OK
NASDAQCOM,2026-03-13,22105.36,2026-03-05,2026-03-05,0,22748.99,-9,2026-02-24,2026-02-24,0,22863.68,114.68999999999869,0.5041542503645191,OK
NASDAQCOM,2026-03-13,22105.36,2026-03-05,2026-03-05,0,22748.99,-8,2026-02-25,2026-02-25,0,23152.08,403.09000000000015,1.7719028405217108,OK
NASDAQCOM,2026-03-13,22105.36,2026-03-05,2026-03-05,0,22748.99,-7,2026-02-26,2026-02-26,0,22878.38,129.38999999999942,0.5687725037463176,OK
NASDAQCOM,2026-03-13,22105.36,2026-03-05,2026-03-05,0,22748.99,-6,2026-02-27,2026-02-27,0,22668.21,-80.78000000000247,-0.35509268763141977,OK
NASDAQCOM,2026-03-13,22105.36,2026-03-05,2026-03-05,0,22748.99,-5,2026-02-28,2026-02-27,1,22668.21,-80.78000000000247,-0.35509268763141977,OK
NASDAQCOM,2026-03-13,22105.36,2026-03-05,2026-03-05,0,22748.99,-4,2026-03-01,2026-02-27,2,22668.21,-80.78000000000247,-0.35509268763141977,OK
NASDAQCOM,2026-03-13,22105.36,2026-03-05,2026-03-05,0,22748.99,-3,2026-03-02,2026-03-02,0,22748.86,-0.13000000000101863,-0.0005714539414780617,OK
NASDAQCOM,2026-03-13,22105.36,2026-03-05,2026-03-05,0,22748.99,-2,2026-03-03,2026-03-03,0,22516.69,-232.3000000000029,-1.0211442354144173,OK
NASDAQCOM,2026-03-13,22105.36,2026-03-05,2026-03-05,0,22748.99,-1,2026-03-04,2026-03-04,0,22807.48,58.48999999999796,0.25711031566675313,OK
NASDAQCOM,2026-03-13,22105.36,2026-03-05,2026-03-05,0,22748.99,0,2026-03-05,2026-03-05,0,22748.99,0.0,0.0,OK
NASDAQCOM,2026-03-13,22105.36,2026-03-05,2026-03-05,0,22748.99,1,2026-03-06,2026-03-06,0,22387.68,-361.3100000000013,-1.588246335331811,OK
NASDAQCOM,2026-03-13,22105.36,2026-03-05,2026-03-05,0,22748.99,2,2026-03-07,2026-03-06,1,22387.68,-361.3100000000013,-1.588246335331811,OK
NASDAQCOM,2026-03-13,22105.36,2026-03-05,2026-03-05,0,22748.99,3,2026-03-08,2026-03-06,2,22387.68,-361.3100000000013,-1.588246335331811,OK
NASDAQCOM,2026-03-13,22105.36,2026-03-05,2026-03-05,0,22748.99,4,2026-03-09,2026-03-09,0,22695.95,-53.04000000000087,-0.23315320812045126,OK
NASDAQCOM,2026-03-13,22105.36,2026-03-05,2026-03-05,0,22748.99,5,2026-03-10,2026-03-10,0,22697.1,-51.890000000003056,-0.22809803863821365,OK
NASDAQCOM,2026-03-13,22105.36,2026-03-05,2026-03-05,0,22748.99,6,2026-03-11,2026-03-11,0,22716.13,-32.86000000000058,-0.1444459732058423,OK
NASDAQCOM,2026-03-13,22105.36,2026-03-05,2026-03-05,0,22748.99,7,2026-03-12,2026-03-12,0,22311.98,-437.01000000000204,-1.9210083612503315,OK
NASDAQCOM,2026-03-13,22105.36,2026-03-05,2026-03-05,0,22748.99,8,2026-03-13,2026-03-13,0,22105.36,-643.630000000001,-2.829268464226331,OK
NASDAQCOM,2026-03-13,22105.36,2026-03-05,2026-03-05,0,22748.99,9,2026-03-14,2026-03-13,1,22105.36,-643.630000000001,-2.829268464226331,OK
NASDAQCOM,2026-03-13,22105.36,2026-03-05,2026-03-05,0,22748.99,10,2026-03-15,2026-03-13,2,22105.36,-643.630000000001,-2.829268464226331,OK
NFCINONFINLEVERAGE,2026-03-06,-0.45875,2025-04-07,2025-04-04,3,-0.67384,-10,2025-03-28,2025-03-28,0,-0.67823,-0.004390000000000005,0.6514899679449071,OK
NFCINONFINLEVERAGE,2026-03-06,-0.45875,2025-04-07,2025-04-04,3,-0.67384,-9,2025-03-29,2025-03-28,1,-0.67823,-0.004390000000000005,0.6514899679449071,OK
NFCINONFINLEVERAGE,2026-03-06,-0.45875,2025-04-07,2025-04-04,3,-0.67384,-8,2025-03-30,2025-03-28,2,-0.67823,-0.004390000000000005,0.6514899679449071,OK
NFCINONFINLEVERAGE,2026-03-06,-0.45875,2025-04-07,2025-04-04,3,-0.67384,-7,2025-03-31,2025-03-28,3,-0.67823,-0.004390000000000005,0.6514899679449071,OK
NFCINONFINLEVERAGE,2026-03-06,-0.45875,2025-04-07,2025-04-04,3,-0.67384,-6,2025-04-01,2025-03-28,4,-0.67823,-0.004390000000000005,0.6514899679449071,OK
NFCINONFINLEVERAGE,2026-03-06,-0.45875,2025-04-07,2025-04-04,3,-0.67384,-5,2025-04-02,2025-03-28,5,-0.67823,-0.004390000000000005,0.6514899679449071,OK
NFCINONFINLEVERAGE,2026-03-06,-0.45875,2025-04-07,2025-04-04,3,-0.67384,-4,2025-04-03,2025-03-28,6,-0.67823,-0.004390000000000005,0.6514899679449071,OK
NFCINONFINLEVERAGE,2026-03-06,-0.45875,2025-04-07,2025-04-04,3,-0.67384,-3,2025-04-04,2025-04-04,0,-0.67384,0.0,0.0,OK
NFCINONFINLEVERAGE,2026-03-06,-0.45875,2025-04-07,2025-04-04,3,-0.67384,-2,2025-04-05,2025-04-04,1,-0.67384,0.0,0.0,OK
NFCINONFINLEVERAGE,2026-03-06,-0.45875,2025-04-07,2025-04-04,3,-0.67384,-1,2025-04-06,2025-04-04,2,-0.67384,0.0,0.0,OK
NFCINONFINLEVERAGE,2026-03-06,-0.45875,2025-04-07,2025-04-04,3,-0.67384,0,2025-04-07,2025-04-04,3,-0.67384,0.0,0.0,OK
NFCINONFINLEVERAGE,2026-03-06,-0.45875,2025-04-07,2025-04-04,3,-0.67384,1,2025-04-08,2025-04-04,4,-0.67384,0.0,0.0,OK
NFCINONFINLEVERAGE,2026-03-06,-0.45875,2025-04-07,2025-04-04,3,-0.67384,2,2025-04-09,2025-04-04,5,-0.67384,0.0,0.0,OK
NFCINONFINLEVERAGE,2026-03-06,-0.45875,2025-04-07,2025-04-04,3,-0.67384,3,2025-04-10,2025-04-04,6,-0.67384,0.0,0.0,OK
NFCINONFINLEVERAGE,2026-03-06,-0.45875,2025-04-07,2025-04-04,3,-0.67384,4,2025-04-11,2025-04-11,0,-0.66993,0.003909999999999969,-0.5802564406980792,OK
NFCINONFINLEVERAGE,2026-03-06,-0.45875,2025-04-07,2025-04-04,3,-0.67384,5,2025-04-12,2025-04-11,1,-0.66993,0.003909999999999969,-0.5802564406980792,OK
NFCINONFINLEVERAGE,2026-03-06,-0.45875,2025-04-07,2025-04-04,3,-0.67384,6,2025-04-13,2025-04-11,2,-0.66993,0.003909999999999969,-0.5802564406980792,OK
NFCINONFINLEVERAGE,2026-03-06,-0.45875,2025-04-07,2025-04-04,3,-0.67384,7,2025-04-14,2025-04-11,3,-0.66993,0.003909999999999969,-0.5802564406980792,OK
NFCINONFINLEVERAGE,2026-03-06,-0.45875,2025-04-07,2025-04-04,3,-0.67384,8,2025-04-15,2025-04-11,4,-0.66993,0.003909999999999969,-0.5802564406980792,OK
NFCINONFINLEVERAGE,2026-03-06,-0.45875,2025-04-07,2025-04-04,3,-0.67384,9,2025-04-16,2025-04-11,5,-0.66993,0.003909999999999969,-0.5802564406980792,OK
NFCINONFINLEVERAGE,2026-03-06,-0.45875,2025-04-07,2025-04-04,3,-0.67384,10,2025-04-17,2025-04-11,6,-0.66993,0.003909999999999969,-0.5802564406980792,OK
NFCINONFINLEVERAGE,2026-03-06,-0.45875,2026-03-05,2026-02-27,6,-0.4627,-10,2026-02-23,2026-02-20,3,-0.46681,-0.0041100000000000025,0.8882645342554563,OK
NFCINONFINLEVERAGE,2026-03-06,-0.45875,2026-03-05,2026-02-27,6,-0.4627,-9,2026-02-24,2026-02-20,4,-0.46681,-0.0041100000000000025,0.8882645342554563,OK
NFCINONFINLEVERAGE,2026-03-06,-0.45875,2026-03-05,2026-02-27,6,-0.4627,-8,2026-02-25,2026-02-20,5,-0.46681,-0.0041100000000000025,0.8882645342554563,OK
NFCINONFINLEVERAGE,2026-03-06,-0.45875,2026-03-05,2026-02-27,6,-0.4627,-7,2026-02-26,2026-02-20,6,-0.46681,-0.0041100000000000025,0.8882645342554563,OK
NFCINONFINLEVERAGE,2026-03-06,-0.45875,2026-03-05,2026-02-27,6,-0.4627,-6,2026-02-27,2026-02-27,0,-0.4627,0.0,0.0,OK
NFCINONFINLEVERAGE,2026-03-06,-0.45875,2026-03-05,2026-02-27,6,-0.4627,-5,2026-02-28,2026-02-27,1,-0.4627,0.0,0.0,OK
NFCINONFINLEVERAGE,2026-03-06,-0.45875,2026-03-05,2026-02-27,6,-0.4627,-4,2026-03-01,2026-02-27,2,-0.4627,0.0,0.0,OK
NFCINONFINLEVERAGE,2026-03-06,-0.45875,2026-03-05,2026-02-27,6,-0.4627,-3,2026-03-02,2026-02-27,3,-0.4627,0.0,0.0,OK
NFCINONFINLEVERAGE,2026-03-06,-0.45875,2026-03-05,2026-02-27,6,-0.4627,-2,2026-03-03,2026-02-27,4,-0.4627,0.0,0.0,OK
NFCINONFINLEVERAGE,2026-03-06,-0.45875,2026-03-05,2026-02-27,6,-0.4627,-1,2026-03-04,2026-02-27,5,-0.4627,0.0,0.0,OK
NFCINONFINLEVERAGE,2026-03-06,-0.45875,2026-03-05,2026-02-27,6,-0.4627,0,2026-03-05,2026-02-27,6,-0.4627,0.0,0.0,OK
NFCINONFINLEVERAGE,2026-03-06,-0.45875,2026-03-05,2026-02-27,6,-0.4627,1,2026-03-06,2026-03-06,0,-0.45875,0.003950000000000009,-0.8536848930192353,OK
NFCINONFINLEVERAGE,2026-03-06,-0.45875,2026-03-05,2026-02-27,6,-0.4627,2,2026-03-07,2026-03-06,1,-0.45875,0.003950000000000009,-0.8536848930192353,OK
NFCINONFINLEVERAGE,2026-03-06,-0.45875,2026-03-05,2026-02-27,6,-0.4627,3,2026-03-08,2026-03-06,2,-0.45875,0.003950000000000009,-0.8536848930192353,OK
NFCINONFINLEVERAGE,2026-03-06,-0.45875,2026-03-05,2026-02-27,6,-0.4627,4,2026-03-09,2026-03-06,3,-0.45875,0.003950000000000009,-0.8536848930192353,OK
NFCINONFINLEVERAGE,2026-03-06,-0.45875,2026-03-05,2026-02-27,6,-0.4627,5,2026-03-10,2026-03-06,4,-0.45875,0.003950000000000009,-0.8536848930192353,OK
NFCINONFINLEVERAGE,2026-03-06,-0.45875,2026-03-05,2026-02-27,6,-0.4627,6,2026-03-11,2026-03-06,5,-0.45875,0.003950000000000009,-0.8536848930192353,OK
NFCINONFINLEVERAGE,2026-03-06,-0.45875,2026-03-05,2026-02-27,6,-0.4627,7,2026-03-12,2026-03-06,6,-0.45875,0.003950000000000009,-0.8536848930192353,OK
NFCINONFINLEVERAGE,2026-03-06,-0.45875,2026-03-05,2026-02-27,6,-0.4627,8,2026-03-13,2026-03-06,7,-0.45875,0.003950000000000009,-0.8536848930192353,OK
NFCINONFINLEVERAGE,2026-03-06,-0.45875,2026-03-05,2026-02-27,6,-0.4627,9,2026-03-14,2026-03-06,8,-0.45875,0.003950000000000009,-0.8536848930192353,STALE_MATCH
NFCINONFINLEVERAGE,2026-03-06,-0.45875,2026-03-05,2026-02-27,6,-0.4627,10,2026-03-15,2026-03-06,9,-0.45875,0.003950000000000009,-0.8536848930192353,STALE_MATCH
SP500,2026-03-13,6632.19,2025-04-07,2025-04-07,0,5062.25,-10,2025-03-28,2025-03-28,0,5580.94,518.6899999999996,10.246234381944785,OK
SP500,2026-03-13,6632.19,2025-04-07,2025-04-07,0,5062.25,-9,2025-03-29,2025-03-28,1,5580.94,518.6899999999996,10.246234381944785,OK
SP500,2026-03-13,6632.19,2025-04-07,2025-04-07,0,5062.25,-8,2025-03-30,2025-03-28,2,5580.94,518.6899999999996,10.246234381944785,OK
SP500,2026-03-13,6632.19,2025-04-07,2025-04-07,0,5062.25,-7,2025-03-31,2025-03-31,0,5611.85,549.6000000000004,10.856832436169706,OK
SP500,2026-03-13,6632.19,2025-04-07,2025-04-07,0,5062.25,-6,2025-04-01,2025-04-01,0,5633.07,570.8199999999997,11.276013630302728,OK
SP500,2026-03-13,6632.19,2025-04-07,2025-04-07,0,5062.25,-5,2025-04-02,2025-04-02,0,5670.97,608.7200000000003,12.024692577411233,OK
SP500,2026-03-13,6632.19,2025-04-07,2025-04-07,0,5062.25,-4,2025-04-03,2025-04-03,0,5396.52,334.27000000000044,6.603190281001536,OK
SP500,2026-03-13,6632.19,2025-04-07,2025-04-07,0,5062.25,-3,2025-04-04,2025-04-04,0,5074.08,11.829999999999927,0.2336905526198807,OK
SP500,2026-03-13,6632.19,2025-04-07,2025-04-07,0,5062.25,-2,2025-04-05,2025-04-04,1,5074.08,11.829999999999927,0.2336905526198807,OK
SP500,2026-03-13,6632.19,2025-04-07,2025-04-07,0,5062.25,-1,2025-04-06,2025-04-04,2,5074.08,11.829999999999927,0.2336905526198807,OK
SP500,2026-03-13,6632.19,2025-04-07,2025-04-07,0,5062.25,0,2025-04-07,2025-04-07,0,5062.25,0.0,0.0,OK
SP500,2026-03-13,6632.19,2025-04-07,2025-04-07,0,5062.25,1,2025-04-08,2025-04-08,0,4982.77,-79.47999999999956,-1.5700528421156545,OK
SP500,2026-03-13,6632.19,2025-04-07,2025-04-07,0,5062.25,2,2025-04-09,2025-04-09,0,5456.9,394.64999999999964,7.795940540273594,OK
SP500,2026-03-13,6632.19,2025-04-07,2025-04-07,0,5062.25,3,2025-04-10,2025-04-10,0,5268.05,205.80000000000018,4.065385944984934,OK
SP500,2026-03-13,6632.19,2025-04-07,2025-04-07,0,5062.25,4,2025-04-11,2025-04-11,0,5363.36,301.1099999999997,5.948145587436415,OK
SP500,2026-03-13,6632.19,2025-04-07,2025-04-07,0,5062.25,5,2025-04-12,2025-04-11,1,5363.36,301.1099999999997,5.948145587436415,OK
SP500,2026-03-13,6632.19,2025-04-07,2025-04-07,0,5062.25,6,2025-04-13,2025-04-11,2,5363.36,301.1099999999997,5.948145587436415,OK
SP500,2026-03-13,6632.19,2025-04-07,2025-04-07,0,5062.25,7,2025-04-14,2025-04-14,0,5405.97,343.72000000000025,6.789866166230429,OK
SP500,2026-03-13,6632.19,2025-04-07,2025-04-07,0,5062.25,8,2025-04-15,2025-04-15,0,5396.63,334.3800000000001,6.605363227813732,OK
SP500,2026-03-13,6632.19,2025-04-07,2025-04-07,0,5062.25,9,2025-04-16,2025-04-16,0,5275.7,213.44999999999982,4.2165045187416705,OK
SP500,2026-03-13,6632.19,2025-04-07,2025-04-07,0,5062.25,10,2025-04-17,2025-04-17,0,5282.7,220.44999999999982,4.3547829522445625,OK
SP500,2026-03-13,6632.19,2026-03-05,2026-03-05,0,6830.71,-10,2026-02-23,2026-02-23,0,6837.75,7.039999999999964,0.10306395674828384,OK
SP500,2026-03-13,6632.19,2026-03-05,2026-03-05,0,6830.71,-9,2026-02-24,2026-02-24,0,6890.07,59.35999999999967,0.869016544400214,OK
SP500,2026-03-13,6632.19,2026-03-05,2026-03-05,0,6830.71,-8,2026-02-25,2026-02-25,0,6946.13,115.42000000000007,1.6897218590746776,OK
SP500,2026-03-13,6632.19,2026-03-05,2026-03-05,0,6830.71,-7,2026-02-26,2026-02-26,0,6908.86,78.14999999999964,1.1440977585053247,OK
SP500,2026-03-13,6632.19,2026-03-05,2026-03-05,0,6830.71,-6,2026-02-27,2026-02-27,0,6878.88,48.17000000000007,0.7051975563301616,OK
SP500,2026-03-13,6632.19,2026-03-05,2026-03-05,0,6830.71,-5,2026-02-28,2026-02-27,1,6878.88,48.17000000000007,0.7051975563301616,OK
SP500,2026-03-13,6632.19,2026-03-05,2026-03-05,0,6830.71,-4,2026-03-01,2026-02-27,2,6878.88,48.17000000000007,0.7051975563301616,OK
SP500,2026-03-13,6632.19,2026-03-05,2026-03-05,0,6830.71,-3,2026-03-02,2026-03-02,0,6881.62,50.909999999999854,0.7453105167691154,OK
SP500,2026-03-13,6632.19,2026-03-05,2026-03-05,0,6830.71,-2,2026-03-03,2026-03-03,0,6816.63,-14.079999999999927,-0.20612791349654547,OK
SP500,2026-03-13,6632.19,2026-03-05,2026-03-05,0,6830.71,-1,2026-03-04,2026-03-04,0,6869.5,38.789999999999964,0.5678765457763468,OK
SP500,2026-03-13,6632.19,2026-03-05,2026-03-05,0,6830.71,0,2026-03-05,2026-03-05,0,6830.71,0.0,0.0,OK
SP500,2026-03-13,6632.19,2026-03-05,2026-03-05,0,6830.71,1,2026-03-06,2026-03-06,0,6740.02,-90.6899999999996,-1.3276804314631963,OK
SP500,2026-03-13,6632.19,2026-03-05,2026-03-05,0,6830.71,2,2026-03-07,2026-03-06,1,6740.02,-90.6899999999996,-1.3276804314631963,OK
SP500,2026-03-13,6632.19,2026-03-05,2026-03-05,0,6830.71,3,2026-03-08,2026-03-06,2,6740.02,-90.6899999999996,-1.3276804314631963,OK
SP500,2026-03-13,6632.19,2026-03-05,2026-03-05,0,6830.71,4,2026-03-09,2026-03-09,0,6795.99,-34.720000000000255,-0.508292695781265,OK
SP500,2026-03-13,6632.19,2026-03-05,2026-03-05,0,6830.71,5,2026-03-10,2026-03-10,0,6781.48,-49.23000000000047,-0.7207157089087479,OK
SP500,2026-03-13,6632.19,2026-03-05,2026-03-05,0,6830.71,6,2026-03-11,2026-03-11,0,6775.8,-54.909999999999854,-0.8038695831033671,OK
SP500,2026-03-13,6632.19,2026-03-05,2026-03-05,0,6830.71,7,2026-03-12,2026-03-12,0,6672.62,-158.09000000000015,-2.3144006991952515,OK
SP500,2026-03-13,6632.19,2026-03-05,2026-03-05,0,6830.71,8,2026-03-13,2026-03-13,0,6632.19,-198.52000000000044,-2.90628646216865,OK
SP500,2026-03-13,6632.19,2026-03-05,2026-03-05,0,6830.71,9,2026-03-14,2026-03-13,1,6632.19,-198.52000000000044,-2.90628646216865,OK
SP500,2026-03-13,6632.19,2026-03-05,2026-03-05,0,6830.71,10,2026-03-15,2026-03-13,2,6632.19,-198.52000000000044,-2.90628646216865,OK
STLFSI4,2026-03-06,-0.4279,2025-04-07,2025-04-04,3,0.0994,-10,2025-03-28,2025-03-28,0,-0.6236,-0.7230000000000001,-727.364185110664,OK
STLFSI4,2026-03-06,-0.4279,2025-04-07,2025-04-04,3,0.0994,-9,2025-03-29,2025-03-28,1,-0.6236,-0.7230000000000001,-727.364185110664,OK
STLFSI4,2026-03-06,-0.4279,2025-04-07,2025-04-04,3,0.0994,-8,2025-03-30,2025-03-28,2,-0.6236,-0.7230000000000001,-727.364185110664,OK
STLFSI4,2026-03-06,-0.4279,2025-04-07,2025-04-04,3,0.0994,-7,2025-03-31,2025-03-28,3,-0.6236,-0.7230000000000001,-727.364185110664,OK
STLFSI4,2026-03-06,-0.4279,2025-04-07,2025-04-04,3,0.0994,-6,2025-04-01,2025-03-28,4,-0.6236,-0.7230000000000001,-727.364185110664,OK
STLFSI4,2026-03-06,-0.4279,2025-04-07,2025-04-04,3,0.0994,-5,2025-04-02,2025-03-28,5,-0.6236,-0.7230000000000001,-727.364185110664,OK
STLFSI4,2026-03-06,-0.4279,2025-04-07,2025-04-04,3,0.0994,-4,2025-04-03,2025-03-28,6,-0.6236,-0.7230000000000001,-727.364185110664,OK
STLFSI4,2026-03-06,-0.4279,2025-04-07,2025-04-04,3,0.0994,-3,2025-04-04,2025-04-04,0,0.0994,0.0,0.0,OK
STLFSI4,2026-03-06,-0.4279,2025-04-07,2025-04-04,3,0.0994,-2,2025-04-05,2025-04-04,1,0.0994,0.0,0.0,OK
STLFSI4,2026-03-06,-0.4279,2025-04-07,2025-04-04,3,0.0994,-1,2025-04-06,2025-04-04,2,0.0994,0.0,0.0,OK
STLFSI4,2026-03-06,-0.4279,2025-04-07,2025-04-04,3,0.0994,0,2025-04-07,2025-04-04,3,0.0994,0.0,0.0,OK
STLFSI4,2026-03-06,-0.4279,2025-04-07,2025-04-04,3,0.0994,1,2025-04-08,2025-04-04,4,0.0994,0.0,0.0,OK
STLFSI4,2026-03-06,-0.4279,2025-04-07,2025-04-04,3,0.0994,2,2025-04-09,2025-04-04,5,0.0994,0.0,0.0,OK
STLFSI4,2026-03-06,-0.4279,2025-04-07,2025-04-04,3,0.0994,3,2025-04-10,2025-04-04,6,0.0994,0.0,0.0,OK
STLFSI4,2026-03-06,-0.4279,2025-04-07,2025-04-04,3,0.0994,4,2025-04-11,2025-04-11,0,0.5844,0.48500000000000004,487.92756539235415,OK
STLFSI4,2026-03-06,-0.4279,2025-04-07,2025-04-04,3,0.0994,5,2025-04-12,2025-04-11,1,0.5844,0.48500000000000004,487.92756539235415,OK
STLFSI4,2026-03-06,-0.4279,2025-04-07,2025-04-04,3,0.0994,6,2025-04-13,2025-04-11,2,0.5844,0.48500000000000004,487.92756539235415,OK
STLFSI4,2026-03-06,-0.4279,2025-04-07,2025-04-04,3,0.0994,7,2025-04-14,2025-04-11,3,0.5844,0.48500000000000004,487.92756539235415,OK
STLFSI4,2026-03-06,-0.4279,2025-04-07,2025-04-04,3,0.0994,8,2025-04-15,2025-04-11,4,0.5844,0.48500000000000004,487.92756539235415,OK
STLFSI4,2026-03-06,-0.4279,2025-04-07,2025-04-04,3,0.0994,9,2025-04-16,2025-04-11,5,0.5844,0.48500000000000004,487.92756539235415,OK
STLFSI4,2026-03-06,-0.4279,2025-04-07,2025-04-04,3,0.0994,10,2025-04-17,2025-04-11,6,0.5844,0.48500000000000004,487.92756539235415,OK
STLFSI4,2026-03-06,-0.4279,2026-03-05,2026-02-27,6,-0.4436,-10,2026-02-23,2026-02-20,3,-0.5981,-0.15449999999999997,34.828674481514874,OK
STLFSI4,2026-03-06,-0.4279,2026-03-05,2026-02-27,6,-0.4436,-9,2026-02-24,2026-02-20,4,-0.5981,-0.15449999999999997,34.828674481514874,OK
STLFSI4,2026-03-06,-0.4279,2026-03-05,2026-02-27,6,-0.4436,-8,2026-02-25,2026-02-20,5,-0.5981,-0.15449999999999997,34.828674481514874,OK
STLFSI4,2026-03-06,-0.4279,2026-03-05,2026-02-27,6,-0.4436,-7,2026-02-26,2026-02-20,6,-0.5981,-0.15449999999999997,34.828674481514874,OK
STLFSI4,2026-03-06,-0.4279,2026-03-05,2026-02-27,6,-0.4436,-6,2026-02-27,2026-02-27,0,-0.4436,0.0,0.0,OK
STLFSI4,2026-03-06,-0.4279,2026-03-05,2026-02-27,6,-0.4436,-5,2026-02-28,2026-02-27,1,-0.4436,0.0,0.0,OK
STLFSI4,2026-03-06,-0.4279,2026-03-05,2026-02-27,6,-0.4436,-4,2026-03-01,2026-02-27,2,-0.4436,0.0,0.0,OK
STLFSI4,2026-03-06,-0.4279,2026-03-05,2026-02-27,6,-0.4436,-3,2026-03-02,2026-02-27,3,-0.4436,0.0,0.0,OK
STLFSI4,2026-03-06,-0.4279,2026-03-05,2026-02-27,6,-0.4436,-2,2026-03-03,2026-02-27,4,-0.4436,0.0,0.0,OK
STLFSI4,2026-03-06,-0.4279,2026-03-05,2026-02-27,6,-0.4436,-1,2026-03-04,2026-02-27,5,-0.4436,0.0,0.0,OK
STLFSI4,2026-03-06,-0.4279,2026-03-05,2026-02-27,6,-0.4436,0,2026-03-05,2026-02-27,6,-0.4436,0.0,0.0,OK
STLFSI4,2026-03-06,-0.4279,2026-03-05,2026-02-27,6,-0.4436,1,2026-03-06,2026-03-06,0,-0.4279,0.015699999999999992,-3.5392245266005373,OK
STLFSI4,2026-03-06,-0.4279,2026-03-05,2026-02-27,6,-0.4436,2,2026-03-07,2026-03-06,1,-0.4279,0.015699999999999992,-3.5392245266005373,OK
STLFSI4,2026-03-06,-0.4279,2026-03-05,2026-02-27,6,-0.4436,3,2026-03-08,2026-03-06,2,-0.4279,0.015699999999999992,-3.5392245266005373,OK
STLFSI4,2026-03-06,-0.4279,2026-03-05,2026-02-27,6,-0.4436,4,2026-03-09,2026-03-06,3,-0.4279,0.015699999999999992,-3.5392245266005373,OK
STLFSI4,2026-03-06,-0.4279,2026-03-05,2026-02-27,6,-0.4436,5,2026-03-10,2026-03-06,4,-0.4279,0.015699999999999992,-3.5392245266005373,OK
STLFSI4,2026-03-06,-0.4279,2026-03-05,2026-02-27,6,-0.4436,6,2026-03-11,2026-03-06,5,-0.4279,0.015699999999999992,-3.5392245266005373,OK
STLFSI4,2026-03-06,-0.4279,2026-03-05,2026-02-27,6,-0.4436,7,2026-03-12,2026-03-06,6,-0.4279,0.015699999999999992,-3.5392245266005373,OK
STLFSI4,2026-03-06,-0.4279,2026-03-05,2026-02-27,6,-0.4436,8,2026-03-13,2026-03-06,7,-0.4279,0.015699999999999992,-3.5392245266005373,OK
STLFSI4,2026-03-06,-0.4279,2026-03-05,2026-02-27,6,-0.4436,9,2026-03-14,2026-03-06,8,-0.4279,0.015699999999999992,-3.5392245266005373,STALE_MATCH
STLFSI4,2026-03-06,-0.4279,2026-03-05,2026-02-27,6,-0.4436,10,2026-03-15,2026-03-06,9,-0.4279,0.015699999999999992,-3.5392245266005373,STALE_MATCH
T10Y2Y,2026-03-13,0.55,2025-04-07,2025-04-07,0,0.42,-10,2025-03-28,2025-03-28,0,0.38,-0.03999999999999998,-9.523809523809524,OK
T10Y2Y,2026-03-13,0.55,2025-04-07,2025-04-07,0,0.42,-9,2025-03-29,2025-03-28,1,0.38,-0.03999999999999998,-9.523809523809524,OK
T10Y2Y,2026-03-13,0.55,2025-04-07,2025-04-07,0,0.42,-8,2025-03-30,2025-03-28,2,0.38,-0.03999999999999998,-9.523809523809524,OK
T10Y2Y,2026-03-13,0.55,2025-04-07,2025-04-07,0,0.42,-7,2025-03-31,2025-03-31,0,0.34,-0.07999999999999996,-19.047619047619037,OK
T10Y2Y,2026-03-13,0.55,2025-04-07,2025-04-07,0,0.42,-6,2025-04-01,2025-04-01,0,0.3,-0.12,-28.57142857142857,OK
T10Y2Y,2026-03-13,0.55,2025-04-07,2025-04-07,0,0.42,-5,2025-04-02,2025-04-02,0,0.29,-0.13,-30.952380952380953,OK
T10Y2Y,2026-03-13,0.55,2025-04-07,2025-04-07,0,0.42,-4,2025-04-03,2025-04-03,0,0.35,-0.07,-16.666666666666675,OK
T10Y2Y,2026-03-13,0.55,2025-04-07,2025-04-07,0,0.42,-3,2025-04-04,2025-04-04,0,0.33,-0.08999999999999997,-21.42857142857142,OK
T10Y2Y,2026-03-13,0.55,2025-04-07,2025-04-07,0,0.42,-2,2025-04-05,2025-04-04,1,0.33,-0.08999999999999997,-21.42857142857142,OK
T10Y2Y,2026-03-13,0.55,2025-04-07,2025-04-07,0,0.42,-1,2025-04-06,2025-04-04,2,0.33,-0.08999999999999997,-21.42857142857142,OK
T10Y2Y,2026-03-13,0.55,2025-04-07,2025-04-07,0,0.42,0,2025-04-07,2025-04-07,0,0.42,0.0,0.0,OK
T10Y2Y,2026-03-13,0.55,2025-04-07,2025-04-07,0,0.42,1,2025-04-08,2025-04-08,0,0.55,0.13000000000000006,30.952380952380977,OK
T10Y2Y,2026-03-13,0.55,2025-04-07,2025-04-07,0,0.42,2,2025-04-09,2025-04-09,0,0.43,0.010000000000000009,2.3809523809523725,OK
T10Y2Y,2026-03-13,0.55,2025-04-07,2025-04-07,0,0.42,3,2025-04-10,2025-04-10,0,0.56,0.14000000000000007,33.33333333333335,OK
T10Y2Y,2026-03-13,0.55,2025-04-07,2025-04-07,0,0.42,4,2025-04-11,2025-04-11,0,0.52,0.10000000000000003,23.809523809523814,OK
T10Y2Y,2026-03-13,0.55,2025-04-07,2025-04-07,0,0.42,5,2025-04-12,2025-04-11,1,0.52,0.10000000000000003,23.809523809523814,OK
T10Y2Y,2026-03-13,0.55,2025-04-07,2025-04-07,0,0.42,6,2025-04-13,2025-04-11,2,0.52,0.10000000000000003,23.809523809523814,OK
T10Y2Y,2026-03-13,0.55,2025-04-07,2025-04-07,0,0.42,7,2025-04-14,2025-04-14,0,0.54,0.12000000000000005,28.57142857142858,OK
T10Y2Y,2026-03-13,0.55,2025-04-07,2025-04-07,0,0.42,8,2025-04-15,2025-04-15,0,0.51,0.09000000000000002,21.42857142857144,OK
T10Y2Y,2026-03-13,0.55,2025-04-07,2025-04-07,0,0.42,9,2025-04-16,2025-04-16,0,0.52,0.10000000000000003,23.809523809523814,OK
T10Y2Y,2026-03-13,0.55,2025-04-07,2025-04-07,0,0.42,10,2025-04-17,2025-04-17,0,0.53,0.11000000000000004,26.190476190476208,OK
T10Y2Y,2026-03-13,0.55,2026-03-05,2026-03-05,0,0.56,-10,2026-02-23,2026-02-23,0,0.6,0.039999999999999925,7.14285714285714,OK
T10Y2Y,2026-03-13,0.55,2026-03-05,2026-03-05,0,0.56,-9,2026-02-24,2026-02-24,0,0.61,0.04999999999999993,8.92857142857142,OK
T10Y2Y,2026-03-13,0.55,2026-03-05,2026-03-05,0,0.56,-8,2026-02-25,2026-02-25,0,0.6,0.039999999999999925,7.14285714285714,OK
T10Y2Y,2026-03-13,0.55,2026-03-05,2026-03-05,0,0.56,-7,2026-02-26,2026-02-26,0,0.6,0.039999999999999925,7.14285714285714,OK
T10Y2Y,2026-03-13,0.55,2026-03-05,2026-03-05,0,0.56,-6,2026-02-27,2026-02-27,0,0.59,0.029999999999999916,5.357142857142838,OK
T10Y2Y,2026-03-13,0.55,2026-03-05,2026-03-05,0,0.56,-5,2026-02-28,2026-02-27,1,0.59,0.029999999999999916,5.357142857142838,OK
T10Y2Y,2026-03-13,0.55,2026-03-05,2026-03-05,0,0.56,-4,2026-03-01,2026-02-27,2,0.59,0.029999999999999916,5.357142857142838,OK
T10Y2Y,2026-03-13,0.55,2026-03-05,2026-03-05,0,0.56,-3,2026-03-02,2026-03-02,0,0.58,0.019999999999999907,3.5714285714285587,OK
T10Y2Y,2026-03-13,0.55,2026-03-05,2026-03-05,0,0.56,-2,2026-03-03,2026-03-03,0,0.55,-0.010000000000000009,-1.7857142857142905,OK
T10Y2Y,2026-03-13,0.55,2026-03-05,2026-03-05,0,0.56,-1,2026-03-04,2026-03-04,0,0.55,-0.010000000000000009,-1.7857142857142905,OK
T10Y2Y,2026-03-13,0.55,2026-03-05,2026-03-05,0,0.56,0,2026-03-05,2026-03-05,0,0.56,0.0,0.0,OK
T10Y2Y,2026-03-13,0.55,2026-03-05,2026-03-05,0,0.56,1,2026-03-06,2026-03-06,0,0.59,0.029999999999999916,5.357142857142838,OK
T10Y2Y,2026-03-13,0.55,2026-03-05,2026-03-05,0,0.56,2,2026-03-07,2026-03-06,1,0.59,0.029999999999999916,5.357142857142838,OK
T10Y2Y,2026-03-13,0.55,2026-03-05,2026-03-05,0,0.56,3,2026-03-08,2026-03-06,2,0.59,0.029999999999999916,5.357142857142838,OK
T10Y2Y,2026-03-13,0.55,2026-03-05,2026-03-05,0,0.56,4,2026-03-09,2026-03-09,0,0.56,0.0,0.0,OK
T10Y2Y,2026-03-13,0.55,2026-03-05,2026-03-05,0,0.56,5,2026-03-10,2026-03-10,0,0.58,0.019999999999999907,3.5714285714285587,OK
T10Y2Y,2026-03-13,0.55,2026-03-05,2026-03-05,0,0.56,6,2026-03-11,2026-03-11,0,0.57,0.009999999999999898,1.7857142857142572,OK
T10Y2Y,2026-03-13,0.55,2026-03-05,2026-03-05,0,0.56,7,2026-03-12,2026-03-12,0,0.51,-0.050000000000000044,-8.92857142857143,OK
T10Y2Y,2026-03-13,0.55,2026-03-05,2026-03-05,0,0.56,8,2026-03-13,2026-03-13,0,0.55,-0.010000000000000009,-1.7857142857142905,OK
T10Y2Y,2026-03-13,0.55,2026-03-05,2026-03-05,0,0.56,9,2026-03-14,2026-03-13,1,0.55,-0.010000000000000009,-1.7857142857142905,OK
T10Y2Y,2026-03-13,0.55,2026-03-05,2026-03-05,0,0.56,10,2026-03-15,2026-03-13,2,0.55,-0.010000000000000009,-1.7857142857142905,OK
T10Y3M,2026-03-13,0.56,2025-04-07,2025-04-07,0,-0.14,-10,2025-03-28,2025-03-28,0,-0.06,0.08000000000000002,-57.14285714285715,OK
T10Y3M,2026-03-13,0.56,2025-04-07,2025-04-07,0,-0.14,-9,2025-03-29,2025-03-28,1,-0.06,0.08000000000000002,-57.14285714285715,OK
T10Y3M,2026-03-13,0.56,2025-04-07,2025-04-07,0,-0.14,-8,2025-03-30,2025-03-28,2,-0.06,0.08000000000000002,-57.14285714285715,OK
T10Y3M,2026-03-13,0.56,2025-04-07,2025-04-07,0,-0.14,-7,2025-03-31,2025-03-31,0,-0.09,0.05000000000000002,-35.71428571428572,OK
T10Y3M,2026-03-13,0.56,2025-04-07,2025-04-07,0,-0.14,-6,2025-04-01,2025-04-01,0,-0.15,-0.009999999999999981,7.14285714285714,OK
T10Y3M,2026-03-13,0.56,2025-04-07,2025-04-07,0,-0.14,-5,2025-04-02,2025-04-02,0,-0.12,0.020000000000000018,-14.285714285714302,OK
T10Y3M,2026-03-13,0.56,2025-04-07,2025-04-07,0,-0.14,-4,2025-04-03,2025-04-03,0,-0.25,-0.10999999999999999,78.57142857142856,OK
T10Y3M,2026-03-13,0.56,2025-04-07,2025-04-07,0,-0.14,-3,2025-04-04,2025-04-04,0,-0.27,-0.13,92.85714285714286,OK
T10Y3M,2026-03-13,0.56,2025-04-07,2025-04-07,0,-0.14,-2,2025-04-05,2025-04-04,1,-0.27,-0.13,92.85714285714286,OK
T10Y3M,2026-03-13,0.56,2025-04-07,2025-04-07,0,-0.14,-1,2025-04-06,2025-04-04,2,-0.27,-0.13,92.85714285714286,OK
T10Y3M,2026-03-13,0.56,2025-04-07,2025-04-07,0,-0.14,0,2025-04-07,2025-04-07,0,-0.14,0.0,0.0,OK
T10Y3M,2026-03-13,0.56,2025-04-07,2025-04-07,0,-0.14,1,2025-04-08,2025-04-08,0,-0.05,0.09000000000000001,-64.28571428571428,OK
T10Y3M,2026-03-13,0.56,2025-04-07,2025-04-07,0,-0.14,2,2025-04-09,2025-04-09,0,-0.01,0.13,-92.85714285714286,OK
T10Y3M,2026-03-13,0.56,2025-04-07,2025-04-07,0,-0.14,3,2025-04-10,2025-04-10,0,0.06,0.2,-142.85714285714283,OK
T10Y3M,2026-03-13,0.56,2025-04-07,2025-04-07,0,-0.14,4,2025-04-11,2025-04-11,0,0.14,0.28,-200.0,OK
T10Y3M,2026-03-13,0.56,2025-04-07,2025-04-07,0,-0.14,5,2025-04-12,2025-04-11,1,0.14,0.28,-200.0,OK
T10Y3M,2026-03-13,0.56,2025-04-07,2025-04-07,0,-0.14,6,2025-04-13,2025-04-11,2,0.14,0.28,-200.0,OK
T10Y3M,2026-03-13,0.56,2025-04-07,2025-04-07,0,-0.14,7,2025-04-14,2025-04-14,0,0.05,0.19,-135.71428571428572,OK
T10Y3M,2026-03-13,0.56,2025-04-07,2025-04-07,0,-0.14,8,2025-04-15,2025-04-15,0,0.02,0.16,-114.28571428571428,OK
T10Y3M,2026-03-13,0.56,2025-04-07,2025-04-07,0,-0.14,9,2025-04-16,2025-04-16,0,-0.04,0.1,-71.42857142857143,OK
T10Y3M,2026-03-13,0.56,2025-04-07,2025-04-07,0,-0.14,10,2025-04-17,2025-04-17,0,0.0,0.14,-100.0,OK
T10Y3M,2026-03-13,0.56,2026-03-05,2026-03-05,0,0.43,-10,2026-02-23,2026-02-23,0,0.34,-0.08999999999999997,-20.93023255813953,OK
T10Y3M,2026-03-13,0.56,2026-03-05,2026-03-05,0,0.43,-9,2026-02-24,2026-02-24,0,0.35,-0.08000000000000002,-18.6046511627907,OK
T10Y3M,2026-03-13,0.56,2026-03-05,2026-03-05,0,0.43,-8,2026-02-25,2026-02-25,0,0.36,-0.07,-16.279069767441868,OK
T10Y3M,2026-03-13,0.56,2026-03-05,2026-03-05,0,0.43,-7,2026-02-26,2026-02-26,0,0.34,-0.08999999999999997,-20.93023255813953,OK
T10Y3M,2026-03-13,0.56,2026-03-05,2026-03-05,0,0.43,-6,2026-02-27,2026-02-27,0,0.3,-0.13,-30.23255813953488,OK
T10Y3M,2026-03-13,0.56,2026-03-05,2026-03-05,0,0.43,-5,2026-02-28,2026-02-27,1,0.3,-0.13,-30.23255813953488,OK
T10Y3M,2026-03-13,0.56,2026-03-05,2026-03-05,0,0.43,-4,2026-03-01,2026-02-27,2,0.3,-0.13,-30.23255813953488,OK
T10Y3M,2026-03-13,0.56,2026-03-05,2026-03-05,0,0.43,-3,2026-03-02,2026-03-02,0,0.33,-0.09999999999999998,-23.25581395348837,OK
T10Y3M,2026-03-13,0.56,2026-03-05,2026-03-05,0,0.43,-2,2026-03-03,2026-03-03,0,0.35,-0.08000000000000002,-18.6046511627907,OK
T10Y3M,2026-03-13,0.56,2026-03-05,2026-03-05,0,0.43,-1,2026-03-04,2026-03-04,0,0.38,-0.04999999999999999,-11.627906976744185,OK
T10Y3M,2026-03-13,0.56,2026-03-05,2026-03-05,0,0.43,0,2026-03-05,2026-03-05,0,0.43,0.0,0.0,OK
T10Y3M,2026-03-13,0.56,2026-03-05,2026-03-05,0,0.43,1,2026-03-06,2026-03-06,0,0.46,0.030000000000000027,6.976744186046524,OK
T10Y3M,2026-03-13,0.56,2026-03-05,2026-03-05,0,0.43,2,2026-03-07,2026-03-06,1,0.46,0.030000000000000027,6.976744186046524,OK
T10Y3M,2026-03-13,0.56,2026-03-05,2026-03-05,0,0.43,3,2026-03-08,2026-03-06,2,0.46,0.030000000000000027,6.976744186046524,OK
T10Y3M,2026-03-13,0.56,2026-03-05,2026-03-05,0,0.43,4,2026-03-09,2026-03-09,0,0.41,-0.020000000000000018,-4.651162790697683,OK
T10Y3M,2026-03-13,0.56,2026-03-05,2026-03-05,0,0.43,5,2026-03-10,2026-03-10,0,0.44,0.010000000000000009,2.3255813953488413,OK
T10Y3M,2026-03-13,0.56,2026-03-05,2026-03-05,0,0.43,6,2026-03-11,2026-03-11,0,0.5,0.07,16.279069767441868,OK
T10Y3M,2026-03-13,0.56,2026-03-05,2026-03-05,0,0.43,7,2026-03-12,2026-03-12,0,0.55,0.12000000000000005,27.906976744186053,OK
T10Y3M,2026-03-13,0.56,2026-03-05,2026-03-05,0,0.43,8,2026-03-13,2026-03-13,0,0.56,0.13000000000000006,30.232558139534895,OK
T10Y3M,2026-03-13,0.56,2026-03-05,2026-03-05,0,0.43,9,2026-03-14,2026-03-13,1,0.56,0.13000000000000006,30.232558139534895,OK
T10Y3M,2026-03-13,0.56,2026-03-05,2026-03-05,0,0.43,10,2026-03-15,2026-03-13,2,0.56,0.13000000000000006,30.232558139534895,OK
VIXCLS,2026-03-12,27.29,2025-04-07,2025-04-07,0,46.98,-10,2025-03-28,2025-03-28,0,21.65,-25.33,-53.91656023839933,OK
VIXCLS,2026-03-12,27.29,2025-04-07,2025-04-07,0,46.98,-9,2025-03-29,2025-03-28,1,21.65,-25.33,-53.91656023839933,OK
VIXCLS,2026-03-12,27.29,2025-04-07,2025-04-07,0,46.98,-8,2025-03-30,2025-03-28,2,21.65,-25.33,-53.91656023839933,OK
VIXCLS,2026-03-12,27.29,2025-04-07,2025-04-07,0,46.98,-7,2025-03-31,2025-03-31,0,22.28,-24.699999999999996,-52.575564069816934,OK
VIXCLS,2026-03-12,27.29,2025-04-07,2025-04-07,0,46.98,-6,2025-04-01,2025-04-01,0,21.77,-25.209999999999997,-53.66113239676458,OK
VIXCLS,2026-03-12,27.29,2025-04-07,2025-04-07,0,46.98,-5,2025-04-02,2025-04-02,0,21.51,-25.469999999999995,-54.21455938697317,OK
VIXCLS,2026-03-12,27.29,2025-04-07,2025-04-07,0,46.98,-4,2025-04-03,2025-04-03,0,30.02,-16.959999999999997,-36.10046828437633,OK
VIXCLS,2026-03-12,27.29,2025-04-07,2025-04-07,0,46.98,-3,2025-04-04,2025-04-04,0,45.31,-1.6699999999999946,-3.5547041294167636,OK
VIXCLS,2026-03-12,27.29,2025-04-07,2025-04-07,0,46.98,-2,2025-04-05,2025-04-04,1,45.31,-1.6699999999999946,-3.5547041294167636,OK
VIXCLS,2026-03-12,27.29,2025-04-07,2025-04-07,0,46.98,-1,2025-04-06,2025-04-04,2,45.31,-1.6699999999999946,-3.5547041294167636,OK
VIXCLS,2026-03-12,27.29,2025-04-07,2025-04-07,0,46.98,0,2025-04-07,2025-04-07,0,46.98,0.0,0.0,OK
VIXCLS,2026-03-12,27.29,2025-04-07,2025-04-07,0,46.98,1,2025-04-08,2025-04-08,0,52.33,5.350000000000001,11.387824606215414,OK
VIXCLS,2026-03-12,27.29,2025-04-07,2025-04-07,0,46.98,2,2025-04-09,2025-04-09,0,33.62,-13.36,-28.437633035334187,OK
VIXCLS,2026-03-12,27.29,2025-04-07,2025-04-07,0,46.98,3,2025-04-10,2025-04-10,0,40.72,-6.259999999999998,-13.324819071945504,OK
VIXCLS,2026-03-12,27.29,2025-04-07,2025-04-07,0,46.98,4,2025-04-11,2025-04-11,0,37.56,-9.419999999999995,-20.051085568326943,OK
VIXCLS,2026-03-12,27.29,2025-04-07,2025-04-07,0,46.98,5,2025-04-12,2025-04-11,1,37.56,-9.419999999999995,-20.051085568326943,OK
VIXCLS,2026-03-12,27.29,2025-04-07,2025-04-07,0,46.98,6,2025-04-13,2025-04-11,2,37.56,-9.419999999999995,-20.051085568326943,OK
VIXCLS,2026-03-12,27.29,2025-04-07,2025-04-07,0,46.98,7,2025-04-14,2025-04-14,0,30.89,-16.089999999999996,-34.24861643252447,OK
VIXCLS,2026-03-12,27.29,2025-04-07,2025-04-07,0,46.98,8,2025-04-15,2025-04-15,0,30.12,-16.859999999999996,-35.8876117496807,OK
VIXCLS,2026-03-12,27.29,2025-04-07,2025-04-07,0,46.98,9,2025-04-16,2025-04-16,0,32.64,-14.339999999999996,-30.52362707535121,OK
VIXCLS,2026-03-12,27.29,2025-04-07,2025-04-07,0,46.98,10,2025-04-17,2025-04-17,0,29.65,-17.33,-36.8880374627501,OK
VIXCLS,2026-03-12,27.29,2026-03-05,2026-03-05,0,23.75,-10,2026-02-23,2026-02-23,0,21.01,-2.7399999999999984,-11.536842105263156,OK
VIXCLS,2026-03-12,27.29,2026-03-05,2026-03-05,0,23.75,-9,2026-02-24,2026-02-24,0,19.55,-4.199999999999999,-17.68421052631579,OK
VIXCLS,2026-03-12,27.29,2026-03-05,2026-03-05,0,23.75,-8,2026-02-25,2026-02-25,0,17.93,-5.82,-24.505263157894742,OK
VIXCLS,2026-03-12,27.29,2026-03-05,2026-03-05,0,23.75,-7,2026-02-26,2026-02-26,0,18.63,-5.120000000000001,-21.55789473684211,OK
VIXCLS,2026-03-12,27.29,2026-03-05,2026-03-05,0,23.75,-6,2026-02-27,2026-02-27,0,19.86,-3.8900000000000006,-16.37894736842106,OK
VIXCLS,2026-03-12,27.29,2026-03-05,2026-03-05,0,23.75,-5,2026-02-28,2026-02-27,1,19.86,-3.8900000000000006,-16.37894736842106,OK
VIXCLS,2026-03-12,27.29,2026-03-05,2026-03-05,0,23.75,-4,2026-03-01,2026-02-27,2,19.86,-3.8900000000000006,-16.37894736842106,OK
VIXCLS,2026-03-12,27.29,2026-03-05,2026-03-05,0,23.75,-3,2026-03-02,2026-03-02,0,21.44,-2.3099999999999987,-9.726315789473682,OK
VIXCLS,2026-03-12,27.29,2026-03-05,2026-03-05,0,23.75,-2,2026-03-03,2026-03-03,0,23.57,-0.17999999999999972,-0.7578947368421018,OK
VIXCLS,2026-03-12,27.29,2026-03-05,2026-03-05,0,23.75,-1,2026-03-04,2026-03-04,0,21.15,-2.6000000000000014,-10.947368421052639,OK
VIXCLS,2026-03-12,27.29,2026-03-05,2026-03-05,0,23.75,0,2026-03-05,2026-03-05,0,23.75,0.0,0.0,OK
VIXCLS,2026-03-12,27.29,2026-03-05,2026-03-05,0,23.75,1,2026-03-06,2026-03-06,0,29.49,5.739999999999998,24.168421052631572,OK
VIXCLS,2026-03-12,27.29,2026-03-05,2026-03-05,0,23.75,2,2026-03-07,2026-03-06,1,29.49,5.739999999999998,24.168421052631572,OK
VIXCLS,2026-03-12,27.29,2026-03-05,2026-03-05,0,23.75,3,2026-03-08,2026-03-06,2,29.49,5.739999999999998,24.168421052631572,OK
VIXCLS,2026-03-12,27.29,2026-03-05,2026-03-05,0,23.75,4,2026-03-09,2026-03-09,0,25.5,1.75,7.36842105263158,OK
VIXCLS,2026-03-12,27.29,2026-03-05,2026-03-05,0,23.75,5,2026-03-10,2026-03-10,0,24.93,1.1799999999999997,4.9684210526315775,OK
VIXCLS,2026-03-12,27.29,2026-03-05,2026-03-05,0,23.75,6,2026-03-11,2026-03-11,0,24.23,0.4800000000000004,2.0210526315789457,OK
VIXCLS,2026-03-12,27.29,2026-03-05,2026-03-05,0,23.75,7,2026-03-12,2026-03-12,0,27.29,3.539999999999999,14.905263157894733,OK
VIXCLS,2026-03-12,27.29,2026-03-05,2026-03-05,0,23.75,8,2026-03-13,2026-03-12,1,27.29,3.539999999999999,14.905263157894733,OK
VIXCLS,2026-03-12,27.29,2026-03-05,2026-03-05,0,23.75,9,2026-03-14,2026-03-12,2,27.29,3.539999999999999,14.905263157894733,OK
VIXCLS,2026-03-12,27.29,2026-03-05,2026-03-05,0,23.75,10,2026-03-15,2026-03-12,3,27.29,3.539999999999999,14.905263157894733,OK
