DATE,close,x,ma,sd,upper_x,lower_x,mid_price,upper_price,lower_price,z,bandwidth_pct,walk_lower_count,walk_upper_count,position_in_band
2025-05-05,26.54,3.2786530289040616,3.2563073485839644,0.22123085459456981,3.698769057773104,2.813845639394825,25.953522665401213,40.39754669585428,16.673916953789174,0.10100616553259785,0.9140813001732212,0,0,0.4158757809609954
2025-05-06,27.11,3.299902663510574,3.262074591818219,0.21775448061715852,3.697583553052536,2.826565630583902,26.103635395636324,40.34968359012152,16.887363672788226,0.17371891308570464,0.8988142671214076,0,0,0.43570441300050555
2025-05-07,26.49,3.2767673032839784,3.2677543423871485,0.21357921748948652,3.6949127773661217,2.8405959074081752,26.25231937788568,40.24206241621402,17.125967988182218,0.04219961568720312,0.8805353193860745,0,0,0.4050871154282213
2025-05-08,25.97,3.256942025674657,3.273165711971752,0.2090760748918328,3.6913178617554174,2.8550135621880863,26.394765447052624,40.097655319010464,17.374672844639438,-0.07759704837336488,0.8608897290621081,0,0,0.37826580049758546
2025-05-09,25.5,3.2386784521643803,3.278343875816701,0.2042548102233344,3.6868534962633697,2.8698342553700322,26.531796345219394,39.91904372067262,17.634095201024422,-0.19419578715894142,0.8399336490332886,0,0,0.35296939510721176
2025-05-12,22.28,3.1036894150590832,3.2815237994802695,0.1999810616260326,3.681485922732335,2.881561676228204,26.61629971818465,39.70534934141962,17.842115040887514,-0.8892561274314018,0.821422757183442,0,0,0.20298391802920387
2025-05-13,22.28,3.1036894150590832,3.2850513391110003,0.1948813322125574,3.674814003536115,2.8952886746858857,26.710355565596323,39.44132022883469,18.088722443905407,-0.9306274849050463,0.7994127121404562,0,0,0.19628888242595044
2025-05-14,22.66,3.12060125559986,3.2877868340443195,0.19137024329853497,3.6705273206413893,2.9050463474472497,26.783521634994504,39.2726096587689,18.266090219243814,-0.873623691765141,0.7843075950131454,0,0,0.20916886271453272
2025-05-15,21.89,3.0860299115347716,3.290146682917125,0.18796445472205456,3.666075592361234,2.914217773473016,26.846801334231614,39.09816724491883,18.4343868950371,-1.0859328253535148,0.7696924520961055,0,0,0.16723044120930558
2025-05-16,21.2,3.054001181677967,3.2920606705773308,0.1849411063382628,3.6619428832538565,2.922178457900805,26.898234986687772,38.93691931795202,18.581722901367154,-1.2872178263276202,0.7567484047432432,0,0,0.12862941948816292
2025-05-19,21.95,3.08876713952118,3.2928298585784703,0.1839955984880579,3.660821055554586,2.9248386616023545,26.918932745504744,38.89326329518309,18.63121987623889,-1.1090630468018214,0.752706045611255,0,0,0.16379296278963562
2025-05-20,22.07,3.094219220268645,3.293296999962905,0.18345438201480868,3.6602057639925225,2.926388235933288,26.931510630611587,38.869339959124595,18.66011271633335,-1.0851623030633872,0.7503933782244101,0,0,0.16872922663992393
2025-05-21,24.2,3.186352633162641,3.2949006613660243,0.18208687390954598,3.6590744091851164,2.9307269135469323,26.974734303542284,38.825389810794825,18.74124881405292,-0.5961331856205414,0.7445538024856275,0,0,0.2717941079398223
2025-05-22,23.63,3.1625170911988163,3.2961374219718866,0.18092780852232057,3.6579930390165276,2.9342818049272457,27.00811623075375,38.783427884746175,18.8079904773141,-0.7385284322204453,0.7396086878760665,0,0,0.2413969428720404
2025-05-23,25.29,3.2304090606818736,3.2969476260394717,0.180522361099241,3.6579923482379537,2.9359029038409896,27.030007183253606,38.78340109399442,18.838504816945452,-0.36858904876066245,0.7378797993589064,0,0,0.32346596810726086
2025-05-27,22.32,3.1054831375131102,3.296695657404692,0.1807786939012517,3.6582530452071955,2.935138269602189,27.023197327216653,38.79351312714744,18.82410575686333,-1.0577160160036867,0.7389727843259963,0,0,0.17506249325850345
2025-05-28,22.76,3.1250046092581303,3.2951578251673075,0.18183712387368023,3.658832072914668,2.931483577419947,26.981672120793878,38.81598215058405,18.755435006378463,-0.9357452003441296,0.7434879148481531,0,0,0.19962391677727706
2025-05-29,21.8,3.0819099697950434,3.2927290358216124,0.18368660206466267,3.6601022399509375,2.925355831692287,26.916218841307618,38.86531625623687,18.64085787792612,-1.147710631352171,0.7513855678447972,0,0,0.1562040408192997
2025-05-30,20.87,3.038312721089109,3.2902204327811657,0.18610037188928275,3.6624211765597314,2.9180196890026,26.84878135519218,38.9555470402155,18.504606276347328,-1.3536120811296644,0.761708343232243,0,0,0.11566185394423259
2025-06-02,19.43,2.9668182633893485,3.285219007273008,0.19063688638921986,3.6664927800514477,2.9039452344945684,26.7148344172905,39.11448192190791,18.245988260003458,-1.6701948395946133,0.7811575148074976,0,0,0.056736809047121695
2025-06-03,18.74,2.930660276810276,3.2800527232756838,0.19590253886046843,3.6718578009966207,2.888247645554747,26.57717389860209,39.324895869593746,17.96180655579784,-1.7835013701086457,0.8038134300998635,0,0,0.03642700888300906
2025-06-04,19.01,2.944965156500338,3.273106087343744,0.20022404100998295,3.67355416936371,2.8726580053237782,26.393191715898524,39.39166199294495,17.68395984604396,-1.6388687851277834,0.8224735522920811,0,0,0.061086159418552125
2025-06-05,21.48,3.067122269640664,3.2682765064583292,0.2016345250012505,3.6715455564608304,2.865007456455828,26.26603097539022,39.31261880256124,17.54918405881449,-0.9976180260618452,0.8285772130603917,0,0,0.18061560537060656
2025-06-06,19.81,2.9861868607104594,3.2632271561726114,0.20481691410235034,3.672860984377312,2.8535933279679107,26.13373886007095,39.36436574602945,17.35001425433284,-1.3526241066385294,0.8423728273083709,0,0,0.11174463833717825
2025-06-09,20.17,3.0041963519661206,3.258012247499294,0.2073468125067319,3.6727058725127577,2.84331862248583,25.99780853878411,39.35826033938433,17.172660656013353,-1.2241128400511712,0.8533642229987964,0,0,0.13510292201987575
2025-06-10,19.82,2.986691528901842,3.253623992649437,0.2102362622311883,3.6740965171118134,2.8331514681870607,25.883973480675724,39.41303176652135,16.998948142766984,-1.2696785079543527,0.8659444671618179,0,0,0.1258606822651128
2025-06-11,20.38,3.0145540277945786,3.250191984008815,0.2124188471987918,3.6750296784063985,2.8253542896112314,25.795291725357846,39.44982764784412,16.86691970206055,-1.1093081396572826,0.8754662744745635,0,0,0.15556368145207683
2025-06-12,20.69,3.029650491757452,3.246480982188865,0.21428617033895203,3.675053322866769,2.817908641510961,25.699742751681146,39.45076042875807,16.741800926633744,-1.0118734684951276,0.8836259460472158,0,0,0.17386085315784372
2025-06-13,22.41,3.1095072878128356,3.2456045401395928,0.21473659357155564,3.675077727282704,2.8161313529964813,25.6772282842323,39.45172321327258,16.7120723420965,-0.6337869576076988,0.8855960082397168,0,0,0.25057234564344066
2025-06-16,21.09,3.0487989944906833,3.2438865074470384,0.21588884066904265,3.675664188785124,2.812108826108953,25.633151839813518,39.474866915923265,16.644982607348393,-0.9036479715754466,0.8906389838925466,0,0,0.19470170468547074
2025-06-17,23.31,3.1488824530476656,3.2441677168003906,0.21575387752550623,3.6756754718514033,2.812659961749378,25.64036113547995,39.475312315975785,16.65415877892288,-0.44163870816857287,0.8900480541779127,0,0,0.291652269473169
2025-06-18,22.14,3.0973859272804907,3.2448358551015293,0.21523560035495704,3.6753070558114436,2.814364654391615,25.657498167125684,39.460771656406735,16.682573212913262,-0.6850629151398314,0.8877794044891958,0,0,0.23958992194335005
2025-06-20,22.23,3.101442727976105,3.24612933884005,0.21413395618809072,3.6743972512162317,2.8178614264638684,25.690707196815758,39.42488639178777,16.741010480375206,-0.6756827055343582,0.8829603536263932,0,0,0.24197758535891167
2025-06-23,21.15,3.0516399054922867,3.24544235419351,0.21468997386890754,3.674822301931325,2.8160624064556945,25.67306413636249,39.44164752985559,16.710920142239686,-0.9027084274534467,0.8853920695590379,0,0,0.19528982870028175
2025-06-24,19.46,2.968361076757859,3.2430899173425933,0.21692820422416018,3.676946325790914,2.809233508894273,25.612740855385617,39.52551156334532,16.59719174219378,-1.266450536329737,0.8951919652257903,0,0,0.12485905117065145
2025-06-25,19.0,2.9444389791664403,3.2384760178375687,0.2202615818348284,3.6789991815072254,2.797952854167912,25.494838447121666,39.60673507725122,16.411016615660493,-1.3349447335378866,0.9098201782961091,0,0,0.11161470978476248
2025-06-26,18.99,2.9439125248241944,3.233648437024452,0.2234671896267446,3.680582816277941,2.7867140577709626,25.37205666215334,39.66950737114883,16.227609111569286,-1.296547885549556,0.9239258201148136,0,0,0.11783989751349848
2025-06-27,18.89,2.9386326815134183,3.2291115874968264,0.22662503348025112,3.6823616544573285,2.775861520536324,25.257208181003314,39.7401358050716,16.05245055597241,-1.2817600135455531,0.9378584156785544,0,0,0.11979006872929884
2025-06-30,19.56,2.9734866646066713,3.2259469799913054,0.2288359930574163,3.6836189661061383,2.7682749938764726,25.177405369313984,39.79013296516407,15.93112899838099,-1.103236916586327,0.9476355334002065,0,0,0.15209650020056104
2025-07-01,19.88,2.989714201228428,3.218775231080067,0.22938361566851329,3.677542462417094,2.7600079997430402,24.997485281781294,39.549081193118504,15.799969343449623,-0.9985936841394097,0.9500600393183447,0,0,0.17179718898023807
2025-07-02,19.74,2.9826470340053355,3.2080137990760575,0.22502152045052629,3.6580568399771103,2.757970758175005,24.729918824965008,38.785902383636774,15.767813754602004,-1.0015342737863675,0.9307789803902577,0,0,0.17256803157789222
2025-07-03,19.47,2.968874819384108,3.196590245910054,0.2194036617285354,3.6353975693671248,2.7577829224529835,24.449022752765703,37.91692450861831,15.764852274065337,-1.0378834370034107,0.9060514384791556,0,0,0.16725964445688943
2025-07-07,20.68,3.0291670496402285,3.185779388291482,0.21125479938770136,3.608288987066885,2.7632697895160794,24.186131449535456,36.90285749978817,15.851589663417416,-0.7413433403888442,0.8703859019494037,0,0,0.22936434869924696
2025-07-08,19.53,2.9719517448885875,3.1761516275932853,0.20758524197846143,3.591322111550208,2.7609811436363625,23.954390526873542,36.28201309893191,15.81535247091516,-0.9836917150684783,0.8544012257400566,0,0,0.1814974898249825
2025-07-09,18.71,2.9290581402859983,3.162185976041754,0.19518163580942507,3.5525492476606044,2.771822704422904,23.622177044059733,34.902178471970295,15.987748407997927,-1.194414806438969,0.8007064729340337,0,0,0.14392458999794744
2025-07-10,18.76,2.9317269435780786,3.1495876138978502,0.1849887596764196,3.5195651332506896,2.779610094545011,23.3264430962503,33.76973993327442,16.11273727892886,-1.1776968000696435,0.7569522100514289,0,0,0.14992707272542788
2025-07-11,19.04,2.9465420293632194,3.1397629875960775,0.17978491312409153,3.4993328138442608,2.7801931613478943,23.098391604575298,33.09336515642808,16.122134820570828,-1.0747339967258138,0.7347364537925494,0,0,0.17193009120053193
2025-07-14,19.78,2.984671326194566,3.131379495673482,0.17503078364245173,3.4814410629583854,2.781317928388579,22.905555872953087,32.50653229912547,16.14027866833064,-0.8381849548169061,0.714510214097014,0,0,0.22239184444880178
2025-07-15,19.74,2.9826470340053355,3.121654501428044,0.16661186510166034,3.4548782316313646,2.788430771224723,22.683879123552792,31.654433938805894,16.255491192377487,-0.8343191365026209,0.6788496210262205,0,0,0.2262823406126826
2025-07-16,19.54,2.972463646614637,3.113006516679729,0.1605548753979492,3.4341162674756274,2.791896765883831,22.48855507985232,31.004001210903482,16.3119303905102,-0.8753572242309345,0.6533132417011545,0,0,0.21971508638585438
2025-07-17,18.67,2.9269179575536315,3.101665179101522,0.148837737584256,3.399340654270034,2.80398970393301,22.23494563857906,29.944349857795594,16.510387098014004,-1.1740787275066413,0.6041823973013364,0,0,0.1607576960427058
2025-07-18,18.61,2.9236990706541595,3.091630628341695,0.13993593991767703,3.371502508177049,2.811758748506341,22.01294365582846,29.122250621758536,16.639156591580008,-1.2000602403237373,0.5670797247906154,0,0,0.15788100319162662
2025-07-21,18.71,2.9290581402859983,3.082774776658228,0.1329567986727179,3.3486883740036637,2.8168611793127925,21.818860943978834,28.465373224158384,16.724273704187848,-1.1561397228780577,0.5381169782472365,0,0,0.1691260935515123
2025-07-22,18.95,2.9418039315284354,3.075140456206219,0.12757229225391545,3.33028504071405,2.8199958716983877,21.652922985354277,27.94630640318292,16.77678141238316,-1.0451840468022238,0.515843749980299,0,0,0.1945667868066817
2025-07-23,17.94,2.88703285663065,3.06750213300305,0.12485735930757004,3.3172168516181904,2.81778741438791,21.48816101496121,27.583474726665834,16.739771489286625,-1.4454035979396074,0.5046361682523339,0,0,0.11068437455721604
2025-07-24,17.72,2.8746939451769347,3.0595585885551873,0.12166933545874153,3.30289725947267,2.8162199176377043,21.318145011673952,27.19130517384569,16.71355250633171,-1.5194020965203743,0.49149457712086575,0,0,0.09605566437817872
2025-07-25,17.16,2.8425810940598164,3.0516380105774656,0.12005720567514187,3.2917524219277494,2.811523599227182,21.1499599225895,26.8899449198436,16.635244365898235,-1.7413108637837884,0.48485673691479175,0,0,0.051172204526232855
2025-07-28,17.27,2.848970892158587,3.043703591768499,0.11742899605806931,3.2785615838846374,2.8088455996523605,20.982811273366664,26.537573160147385,16.59075478668517,-1.6583016643829218,0.47404602957505704,0,0,0.06828768635476774
2025-07-29,18.21,2.9019708937395166,3.0367185843777764,0.11310776710080474,3.262934118579386,2.810503050176167,20.8367568709207,26.126081814089364,16.61827594307387,-1.1913212866996927,0.45629969816869015,0,0,0.16741234292324964
2025-07-30,17.32,2.851861903134289,3.0301219889917874,0.1121507785428904,3.254423546077568,2.8058204319060067,20.699757577933145,25.904677376238215,16.540640810228187,-1.5894681086794717,0.45237421408222217,0,0,0.08322897761855867
2025-07-31,19.23,2.9564715596006885,3.024752297836731,0.10774928620259876,3.240250870241929,2.8092537254315335,20.588904163413137,25.540128201864423,16.597527283330784,-0.6337001444970668,0.4343407909210052,0,0,0.29437439293677836
2025-08-01,21.54,3.0699116717282426,3.0209191146403587,0.10182047668527407,3.224560068010907,2.8172781612698103,20.51013418826395,25.142510727663606,16.73124887872662,0.4811660550295733,0.41010272149998755,0,0,0.5717038902886026
2025-08-04,19.24,2.9569914452375605,3.015589517006252,0.09652018294736427,3.2086298829009805,2.8225491511115233,20.40111420001044,24.745159222143766,16.81967195545126,-0.6071069280986224,0.38848305974819997,0,0,0.30538539311271895
2025-08-05,19.87,2.9892110565637253,3.0111273341877363,0.09130707057105003,3.193741475329836,2.8285131930456364,20.31028350105208,24.379472209839218,16.920284916037925,-0.24002826382385056,0.36726160387741036,0,0,0.39544724750554766
2025-08-06,18.77,2.9322598505984176,3.0060203574949704,0.0868998047748935,3.1798199670447573,2.8322207479451835,20.206823764682717,24.042424733635205,16.983134237942107,-0.848799454585923,0.34935181193747306,0,0,0.2531225713332051
2025-08-07,18.82,2.9349201341572337,3.0032075361466064,0.08642297565962294,3.176053487465852,2.8303615848273607,20.150065442347646,23.95203975528905,16.9515891539565,-0.7901533298080679,0.34741577496916254,0,0,0.2668986544505926
2025-08-08,17.29,2.850128299695199,2.998981517557208,0.08759765350429606,3.1741768245658,2.8237862105486156,20.065090570370458,23.907132002436498,16.840491764388034,-1.6992831646421733,0.3521858131297732,0,0,0.0636098938773912
2025-08-11,18.17,2.89977188240808,2.995301028004012,0.08704781873500321,3.1693966654740184,2.8212053905340055,19.99137694846036,23.79312481137991,16.797085522128764,-1.0974329625277388,0.3499528475345941,0,0,0.19624167634115638
2025-08-12,16.84,2.8237570088141806,2.9909298129586688,0.08894647582919667,3.168822764617062,2.8130368613002754,19.90418105560689,23.77947383418942,16.660436906924723,-1.8794764220395763,0.357665402428567,0,0,0.025222947276418967
2025-08-13,16.73,2.8172035149987327,2.9869831851806814,0.09128315019283857,3.1695494855663586,2.804416884795004,19.8257814705067,23.79676115675689,16.51744152605744,-1.8599234340980098,0.3671643229563656,0,0,0.02920032155836754
2025-08-14,17.08,2.837908188360424,2.9828022026613352,0.09226513922512067,3.1673324811115764,2.798271924211094,19.743063266924793,23.744062069903272,16.416253714897024,-1.5704091005312404,0.37115863206913774,0,0,0.09057909990911708
2025-08-15,17.5,2.8622008809294686,2.978935230339016,0.09237650075175434,3.163688231842525,2.7941822288355076,19.666864811325823,23.657690264843197,16.349253336947832,-1.2636801400742679,0.3716116929672774,0,0,0.1574545521026412
2025-08-18,17.75,2.8763855159214247,2.9737691117183287,0.08924668168482917,3.152262475087987,2.7952757483486703,19.56552544579039,23.388921617025417,16.367141343156828,-1.0911732958409595,0.3588853411232744,0,0,0.196938469007561
2025-08-19,19.39,2.9647574692545606,2.970473118019258,0.08580033090255436,3.1420737798243668,2.7988724562141494,19.501143756308085,23.151828905852845,16.426115161383834,-0.0666156960535367,0.3448881680231411,0,0,0.4406795994036411
2025-08-20,20.0,2.995732273553991,2.966561838233793,0.07893618214060556,3.1244342025150043,2.808689473952582,19.42501829797171,22.747021244463195,16.58816474567549,0.36954454255512115,0.3170579509534254,0,0,0.5539721951625417
2025-08-21,20.55,3.022860940942244,2.965184801624279,0.07720232496919817,3.1195894515626756,2.810780151685883,19.398287745333654,22.637084115664546,16.622881530504714,0.7470777511036866,0.31003780664128855,0,0,0.6529740915587932
2025-08-22,18.06,2.8936995479888394,2.9613297172697908,0.07486521320472961,3.11106014367925,2.8115992908603316,19.32364967021778,22.444826533261306,16.63650356236685,-0.9033590687307199,0.3005810532699952,0,0,0.2450787335288168
2025-08-25,18.42,2.913437030827161,2.9585218349536593,0.07343580743535434,3.105393449824368,2.8116502200829507,19.269467240567455,22.317998260554305,16.63735086813651,-0.6139348868218903,0.2948004385123056,0,0,0.31381091074986794
2025-08-26,18.19,2.900871992530031,2.9562311561443413,0.07305376502705531,3.102338686198452,2.8101236260902307,19.225377597177516,22.24992607641581,16.611971764968466,-0.7577865917493521,0.29325584285403344,0,0,0.27989376072585315
2025-08-27,18.69,2.9279886214674717,2.9555839954456435,0.07312906170880977,3.101842118863263,2.809325872028024,19.212939713467854,22.238880232645478,16.598724781631628,-0.3773516756997775,0.293560253408812,0,0,0.37078325881823965
2025-08-28,17.62,2.8690346205080335,2.954556901173939,0.07390059620615999,3.1023580935862594,2.806755708761619,19.19321634375946,22.25035789355007,16.55611812541411,-1.1572610378856052,0.2966798094779671,0,0,0.18683475194339405
2025-08-29,19.11,2.950211758252182,2.9546443445364696,0.07389229854977922,3.102428941636028,2.8068597474369112,19.194894736515415,22.25193434385704,16.557840691617056,-0.05998712140889303,0.296646255705056,0,0,0.4482116846425517
2025-09-02,20.36,3.013572191682322,2.953751843237164,0.07284432271604155,3.0994404886692473,2.808063197805081,19.177770910678124,22.185534750099077,16.57777922620547,0.8212081081232206,0.29240914129239204,0,0,0.6744624935375994
2025-09-03,19.69,2.9801108926510342,2.9536505771028403,0.072803373886476,3.099257324875792,2.8080438293298884,19.175828950282124,22.181471535522675,16.577458143009235,0.3634490290168988,0.29224360558509216,0,0,0.5554129940426087
2025-09-04,18.79,2.933324813425374,2.952469384793828,0.07254819356257074,3.0975657719189695,2.8073729976686868,19.153191980546346,22.143982118366505,16.56634118844411,-0.263887637008391,0.2912120828521708,0,0,0.39867371160926063
2025-09-05,18.44,2.914522218128448,2.951266562947605,0.07256909912151446,3.096404761190634,2.806128364704576,19.1301679524851,22.118287636229947,16.545735000336865,-0.5063359648109969,0.2912965871357748,0,0,0.3399276998232521
2025-09-08,18.35,2.9096295745005794,2.9495178220593714,0.0722866168753508,3.094091055810073,2.8049445883086697,19.096743479477055,22.067171591653903,16.526160138206315,-0.55180681131577,0.2901547826414707,0,0,0.3291528770724527
2025-09-09,18.22,2.9025198918318122,2.9473989787272776,0.07176808594654087,3.0909351506203593,2.803862806834196,19.056323309017376,21.99763946641308,16.508292110717683,-0.6253348727858681,0.28805910073418306,0,0,0.3118235699743717
2025-09-10,18.62,2.924236271848921,2.944311128461212,0.06864459284182871,3.081600314144869,2.8070219427775545,18.997570991879165,21.793250551882508,16.5605265140364,-0.29244629156075247,0.2754417414775249,0,0,0.39357578788185443
2025-09-11,18.23,2.9030685886905716,2.941882288364544,0.0674727209904937,3.0768277303455314,2.8069368463835564,18.951484920220324,21.689488241478738,16.559117332906315,-0.5752502508301215,0.27071076119732257,0,0,0.32568457463802075
2025-09-12,18.18,2.900322088749333,2.937739615626238,0.062048712374483644,3.0618370403752055,2.8136421908772706,18.873137516166455,21.366772754923332,16.67052501515725,-0.6030347036225122,0.24883238071800967,0,0,0.32142149828704236
2025-09-15,19.12,2.9507349076232554,2.9352954319652844,0.058498725513618635,3.0522928829925218,2.818297980938047,18.827064430297202,21.16381498407598,16.748320438884136,0.2639284107886529,0.23452910364965177,0,0,0.5371265974495323
2025-09-16,19.57,2.9739977814079848,2.9331713495224823,0.05461200989866524,3.042395369319813,2.8239473297251516,18.787116634516586,20.955379036268898,16.843205309149756,0.747572410560563,0.2188826421380735,0,0,0.6631029892699961
2025-09-17,19.02,2.9454910571172443,2.9314022020495645,0.052420969243410026,3.0362441405363847,2.8265602635627443,18.753908838005234,20.82687334472318,16.887273038193317,0.26876372701657014,0.21006822314002985,0,0,0.5413561772425749
2025-09-18,18.86,2.937043277205311,2.930880238723689,0.05220584219406696,3.035291923111823,2.826468554335555,18.744122539641587,20.807051072079663,16.88572439044738,0.1180526589095552,0.20920300074538803,0,0,0.5034713426963989
2025-09-19,18.74,2.930660276810276,2.9306505936844194,0.052175991011466125,3.0350025757073515,2.826298611661487,18.7398185391,20.801031476776387,16.88285502911127,0.00018558585412529213,0.20908294493300322,0,0,0.47398196474674364
2025-09-22,19.42,2.966303462863179,2.9310237759850692,0.052349297136807436,3.035722370258684,2.8263251817114545,18.74681321275921,20.816009335739427,16.883303613372412,0.6739285684373397,0.20977995981153683,0,0,0.6450257318263835
2025-09-23,20.13,3.0022112396517002,2.9320834186207074,0.053130236782221577,3.0383438921851504,2.8258229450562644,18.76668866389976,20.870650550913517,16.874826328416887,1.319922990715128,0.21292111219296417,0,0,0.8146438607725461
2025-09-24,19.93,2.9922261342247034,2.9323957431143413,0.053426957661650024,3.039249658437641,2.8255418277910413,18.772550875842434,20.889563045706826,16.8700831901086,1.119853978758527,0.21411474030259353,0,0,0.7612718361132296
2025-09-25,20.54,3.0223742045004123,2.9329400765022076,0.054169383763860414,3.0412788440299283,2.824601308974487,18.78277218370676,20.931994882544572,16.85422401852516,1.6510087762503123,0.21710165166975207,0,0,0.9038703017858665
2025-09-26,19.33,2.9616582932202395,2.9325902641557895,0.05391442918612906,3.0404191225280477,2.8247614057835313,18.77620288717445,20.91400692988957,16.856922542016182,0.5391511976153609,0.21607587073127976,0,0,0.6095701300608478
2025-09-29,19.87,2.9892110565637253,2.9329292014421164,0.05420461126504962,3.0413384239722157,2.8245199789120172,18.78256792104127,20.93324204674425,16.852853319173143,1.0383222720001064,0.21724338997331838,0,0,0.7394262856477511
2025-09-30,20.0,2.995732273553991,2.9323719551740126,0.05337793926027202,3.0391278336945566,2.8256160766534686,18.772104320833716,20.88701833506314,16.871335821097155,1.1870131979249314,0.21391754729965393,0,0,0.7791114382229638
2025-10-01,19.87,2.9892110565637253,2.932659610368598,0.05363634074994901,3.039932291868496,2.8253869288687,18.77750499088306,20.903827828052492,16.86747023477985,1.054349446744856,0.2149570773770206,0,0,0.7438711005745472
2025-10-02,20.01,2.996232148595642,2.9337791771737587,0.054247075832508554,3.042273328838776,2.8252850255087414,18.798539434690017,20.952821787778092,16.86575147046434,1.1512689018429496,0.2174142481394937,0,0,0.7693159856379069
2025-10-03,20.08,2.9997242948235283,2.9349124663611827,0.05489872500019836,3.0447099163615796,2.825115016360786,18.819855692631585,21.00393742048087,16.862884382149744,1.180570741162229,0.22003638635510078,0,0,0.776883461301132
2025-10-06,20.4,3.0155349008501706,2.9360623475526326,0.055844665069113446,3.0477516776908593,2.824373017414406,18.84150873754703,21.067923651175125,16.8503767805927,1.423100186905636,0.22384337312530447,0,0,0.8416321924401308
2025-10-07,20.82,3.035914063186823,2.9369163931691697,0.056962175414400705,3.0508407439979712,2.8229920423403683,18.857607118890783,21.133104486416368,16.827122890487473,1.7379545162635304,0.22834188711118802,0,0,0.9272861531242044
2025-10-08,20.02,2.9967317738870745,2.937151138833865,0.05717876173370272,3.0515086623012704,2.8227936153664595,18.86203438002832,21.147224388654028,16.823784266660187,1.0420063892025682,0.22921388196448347,0,0,0.7392760494311678
2025-10-09,20.04,2.997730276216664,2.937572249327233,0.05752924853808298,3.052630746403399,2.822513752251067,18.869979053307254,21.170966670872286,16.819076568768857,1.0456946408679038,0.23062506268869934,0,0,0.7401205810951778
2025-10-10,25.23,3.2280337626529665,2.942590846078888,0.06847384710363455,3.079538540286157,2.8056431518716187,18.964917899517364,21.748364086369573,16.53770874476256,4.168641439731922,0.27475232791488213,0,1,1.0
2025-10-13,22.8,3.126760535960395,2.9459752038339917,0.07236417242874038,3.0907035486914722,2.801246858976511,19.029210700037712,21.992545360606833,16.465163714748762,2.4982712585351448,0.2904682560400215,0,2,1.0
2025-10-14,24.28,3.1896529661912973,2.950318450932414,0.07875650705229362,3.107831465037001,2.792805436827827,19.112039005890804,22.37247626194273,16.326759303977607,3.038917344315023,0.31633029610821134,0,3,1.0
2025-10-15,24.42,3.1954024686825586,2.9545450932183157,0.08476212328233286,3.1240693397829813,2.78502084665365,19.19298971245063,22.7387232180589,16.200155592275234,2.8415684522434006,0.3406747840614978,0,4,1.0
2025-10-16,28.26,3.3414473772563813,2.962118668562078,0.09770457045734793,3.1575278094767736,2.7667095276473823,19.33890110412495,23.512396894377872,15.906208864845762,3.882404957298246,0.3933102500798106,0,5,1.0
2025-10-17,24.97,3.217675104291682,2.9678350212139906,0.10234552535575006,3.172526071925491,2.7631439705024903,19.44976565127028,23.867699796524608,15.849595357505578,2.4411431980954164,0.41224684054202787,0,6,1.0
2025-10-20,22.64,3.119718253334982,2.9724539738685762,0.10284100026538674,3.17813597439935,2.7667719733378027,19.539810995456076,24.00197153820766,15.907202170053791,1.431960784963025,0.41427060732758786,0,0,0.8317467149137225
2025-10-21,22.59,3.1175073304799117,2.9769295811739322,0.1032123071864996,3.1833541955469316,2.770504966800933,19.627459510151276,24.127546487651788,15.966694625157508,1.362025064045534,0.4157874766356546,0,0,0.811594853875726
2025-10-22,23.3,3.1484533605716547,2.9810376222878006,0.10503617339239267,3.1911099690725857,2.7709652755030154,19.708255764320302,24.315401813967405,15.974045925440906,1.59388649525935,0.4232417108990251,0,0,0.8782689735892836
2025-10-23,21.72,3.0782334950657346,2.9848104821533252,0.1043920867233514,3.193594655600028,2.7760263087066224,19.78275269638687,24.375893085066004,16.055096027893583,0.8949242786954623,0.420608657696668,0,0,0.6808126593140907
2025-10-24,20.61,3.0257763949023677,2.985965562741687,0.10445553480096385,3.1948766323436146,2.777054493139759,19.805616572278325,24.40716245212338,16.071612117039837,0.38112707226609865,0.42086800502594346,0,0,0.5444616972509322
2025-10-27,20.5,3.0204248861443626,2.985140782981955,0.1039837491381536,3.1931082812582625,2.777173284705648,19.78928803524957,24.364040158825066,16.073521402410833,0.3393232447844196,0.41893971837929633,0,0,0.5339205817687194
2025-10-28,21.31,3.0591764461105257,2.9868438663298376,0.1043449463490872,3.195533759028012,2.778153973631663,19.82301955781287,24.423206320710847,16.089292258740354,0.6932063536522289,0.42041597334175246,0,0,0.6264412738646895
2025-10-29,21.76,3.080073421987742,2.988358239086905,0.10502544268599523,3.1984091244588955,2.778307353714914,19.85306174038408,24.493533022907442,16.091760224990047,0.8732663300934341,0.42319783758224755,0,0,0.6746480667050387
2025-10-30,21.66,3.0754672415728446,2.9907450289364785,0.10535019062308967,3.2014454101826577,2.7800446476902994,19.900503420767574,24.568015405225175,16.11974064114896,0.8041961019271038,0.42452568085588455,0,0,0.6557858868901081
2025-10-31,21.99,3.09058780456667,2.993339490109969,0.1058590294606351,3.205057549031239,2.7816214311886984,19.952201539607383,24.65691895742586,16.14517803154881,0.9186586628669595,0.4266066032352509,0,0,0.6866776161715635
2025-11-03,21.73,3.078693794268338,2.997148915019521,0.1047435961599166,3.2066361073393543,2.787661722699688,20.02835290752111,24.695872078496304,16.24299473665859,0.7785189953218602,0.4220455561607096,0,0,0.6491286980095344
2025-11-04,23.3,3.1484533605716547,3.001293606322248,0.10572395636709056,3.2127415190564292,2.7898456935880667,20.111536513728918,24.84711176572574,16.278507729859584,1.3919243973281177,0.4260541719433964,0,0,0.8194441289094591
2025-11-05,22.6,3.1179499062782403,3.0061968212799814,0.10418735166708051,3.2145715246141426,2.7978221179458203,20.210389851920656,24.892623749240197,16.408871241589583,1.0726166200610785,0.4197718386339973,0,0,0.7297630090961851
2025-11-06,24.64,3.204371138665319,3.0126496150077586,0.10427180285855595,3.2211932207248704,2.804106009290647,20.341225000925686,25.05800207734611,16.512307456161967,1.8386708429471512,0.42011700970788374,0,0,0.9510862374709818
2025-11-07,24.58,3.201933104137889,3.018716696937383,0.10451807151273608,3.227752839962855,2.8096805539119107,20.46501201281561,25.222913315980264,16.604613092784213,1.752963909003814,0.4211236337315168,0,0,0.9254013785398341
2025-11-10,22.62,3.1188344706879745,3.0229939234333583,0.10326909220855605,3.22953210785047,2.8164557390162464,20.552732971907083,25.267831584641822,16.717494384095342,0.9280661348418014,0.4160194759613566,0,0,0.6903243085579608
2025-11-11,22.67,3.1210424645194377,3.027071539243325,0.10222460553026107,3.2315207503038472,2.8226223281828027,20.636710217927288,25.318130263703747,16.820902814819632,0.9192593582402718,0.4117530051617675,0,0,0.6883536094998249
2025-11-12,23.06,3.138099514840913,3.0299605733364308,0.10287011029418841,3.2357007939248077,2.824220352748054,20.696416582649704,25.424182649988587,16.847804519795247,1.0512182906699137,0.41438951984485667,0,0,0.7243378715234782
2025-11-13,25.88,3.2534704696327,3.034256209937743,0.10666251474659387,3.2475812394309305,2.820931180444555,20.785512091199088,25.72803464108691,16.792480223243803,2.0552136822927984,0.42989339779733216,0,1,1.0
2025-11-14,26.15,3.263849190510932,3.038272680763887,0.11062162879407125,3.25951593835203,2.8170294231757445,20.86916437514207,26.036930612055386,16.727087697312804,2.0391718347138865,0.44610520801838305,0,2,1.0
2025-11-17,28.16,3.3379025312898416,3.0456760638189038,0.11545682722627235,3.2765897182714485,2.814762409366359,21.024240127338487,26.485296190693465,16.689210109241994,2.5310453655393825,0.4659424560468803,0,3,1.0
2025-11-18,30.51,3.418054498728578,3.054086354950594,0.1236090135813607,3.3013043821133157,2.8068683277878725,21.201805750279437,27.14802723683659,16.557982764310868,2.944511352632197,0.49948785482039176,0,4,1.0
2025-11-19,29.3,3.3775875160230218,3.0620316136754777,0.1287207589127432,3.3194731315009642,2.804590095849991,21.370930562900515,27.645781029585134,16.520302777322875,2.4514763975362515,0.520589322000599,0,5,1.0
2025-11-20,32.72,3.487986511734546,3.071364911846595,0.1385872439199529,3.348539399686501,2.7941904240066893,21.5713255484081,28.4611329304748,16.349387322426637,3.0062045257829717,0.5614743322503876,0,6,1.0
2025-11-21,28.95,3.3655702040190043,3.079640504905112,0.14106118834041426,3.3617628815859404,2.7975181282242834,21.750581763086892,28.839987574842176,16.40388387148315,2.0269905739336034,0.5717595896429976,0,7,1.0
2025-11-24,25.57,3.2414197893030954,3.084493972089293,0.14153344122728728,3.3675608545438678,2.8014270896347186,21.856404092782732,29.00768673070563,16.46813150947833,1.1087543399852506,0.5737245325441261,0,0,0.7258525784960682
2025-11-25,23.67,3.1642084235258925,3.087004575953353,0.14158914777530818,3.3701828715039692,2.8038262804027365,21.911345804931198,29.083845178024845,16.507689132729773,0.5452667014781146,0.5739563492473739,0,0,0.5695151079132607
2025-11-26,22.26,3.102791345847399,3.0890492501732925,0.14091494639664082,3.370879142966574,2.807219357380011,21.956193202356964,29.104102480917692,16.563796126518643,0.09752049747388718,0.5711512118163028,0,0,0.4542316361739577
2025-11-28,21.17,3.0525850851467737,3.0910369213686493,0.13953875280137884,3.3701144269714067,2.811959415765892,21.999878296563967,29.081854615958836,16.64249586056425,-0.2755638519760052,0.5654285259085918,0,0,0.3639660394449437
2025-12-01,22.06,3.0937660138253564,3.0940243179635973,0.13763347141245494,3.3692912607885073,2.8187573751386874,22.0656989252859,29.05792526696963,16.756016287743048,-0.0018767537837277193,0.557512772238969,0,0,0.43115127263690833
2025-12-02,21.28,3.0577676644734435,3.096493286129812,0.13561745969575253,3.367728205521317,2.825258366738307,22.120245742967032,29.01254160165592,16.865301856260793,-0.28555041322294705,0.5491457864683646,0,0,0.36343220651529234
2025-12-03,20.65,3.027715319407042,3.098579876589399,0.13356454256812872,3.365708961725656,2.8314507914531415,22.16644982443197,28.954017314317788,16.970062996269828,-0.5305641438947788,0.5406348067898173,0,0,0.30707201530200656
2025-12-04,20.19,3.005187432324746,3.09992906259733,0.1321984909044469,3.3643260444062237,2.835532080788436,22.196376672283133,28.914003976252776,17.039464260381056,-0.7166619650829685,0.5349764914874414,0,0,0.2653185567612262
2025-12-05,19.62,2.976549454137217,3.1011537436881067,0.13070099150448428,3.3625557266970754,2.839751760679138,22.22357680742336,28.86286228484882,17.11151725844963,-0.9533538201706339,0.5287782938016475,0,0,0.21346345766506797
2025-12-08,20.75,3.0325462466767075,3.1033574796535626,0.12839049800664817,3.360138475666859,2.8465764836402663,22.272605706446807,28.79317775768446,17.228698031513854,-0.5515301683243602,0.5192243726931002,0,0,0.30449289997174556
2025-12-09,20.76,3.033028058297688,3.104729032164804,0.12718666775919987,3.359102367683204,2.850355696646404,22.303174713442438,28.76336036602117,17.293932140347753,-0.5637459894999864,0.5142509249483945,0,0,0.30220057978947257
2025-12-10,19.67,2.979094632400968,3.1048139796813534,0.1271009976918676,3.3590159750650885,2.8506119842976183,22.305069393218545,28.760875531350585,17.29836492960657,-0.9891295077413028,0.513897105616223,0,0,0.20690363156851416
2025-12-11,18.4,2.91235066461494,3.104261639806315,0.12786189464208508,3.3599854290904854,2.848537850522145,22.292752815758732,28.788771397603497,17.262522989983815,-1.5009239126995442,0.5170401566320596,0,0,0.09868579695577526
2025-12-12,20.62,3.026261478588814,3.105748609829374,0.12641922491297516,3.3585870596553242,2.8529101600034235,22.325926128675754,28.748542193805218,17.338165328275075,-0.6287582548878752,0.511081905394038,0,0,0.28761842929474946
2025-12-15,20.71,3.030616675407493,3.107414549805994,0.12474851953069865,3.3569115888673915,2.8579175107445964,22.363150779936603,28.700415180125134,17.425201331320903,-0.6156215295172494,0.5041871764742533,0,0,0.2913291679188382
2025-12-16,20.19,3.005187432324746,3.1080626159636866,0.1241131495055837,3.356288914974854,2.8598363169525194,22.37764827829809,28.682549743635153,17.458669014540423,-0.8288822260071026,0.50156658954997,0,0,0.24334996525572272
2025-12-17,21.78,3.0809921175048145,3.1093756305945717,0.12340105958392568,3.356177749762423,2.8625735114267203,22.407049755953427,28.679361419118514,17.50652224882085,-0.23001028666575918,0.4986305333360142,0,0,0.38248807541595514
2025-12-18,20.72,3.031099417391282,3.1100235186473477,0.12288526260324645,3.3557940438538405,2.864252993440855,22.42157171958366,28.66835908965203,17.535948841867803,-0.6422584741579945,0.4965044550405381,0,0,0.2860163331445626
2025-12-19,18.52,2.918851229218033,3.108298135725975,0.12481540310299777,3.3579289419319704,2.8586673295199794,22.382919277389025,28.729628493070383,17.43827197413826,-1.5178167261264228,0.5044630854000588,0,0,0.09580142333191013
2025-12-22,17.85,2.8820035082256483,3.1069705559760648,0.12677626999637948,3.3605230959688237,2.853418015983306,22.353223882876133,28.80425432840859,17.346972855505616,-1.774520166564619,0.5125561097108644,0,0,0.04390458117696325
2025-12-23,17.47,2.8604851241459652,3.1048251237691025,0.1298040159685005,3.3644331557061036,2.8452170918321014,22.305317964254158,28.917101158672057,17.205293392186164,-1.8823762716434842,0.5250679584686885,0,0,0.022601686527959457
2025-12-24,17.2,2.8449093838194073,3.102311408940193,0.13330546187010525,3.3689223326804036,2.8357004851999825,22.249319167713427,29.04720695883961,17.042334022966447,-1.9309188199025336,0.5395613611985822,0,0,0.013133498194921525
2025-12-26,17.38,2.8553201198372458,3.100079893328085,0.13626781212827183,3.3726155175846286,2.827544269071541,22.1997248204922,29.1546820055401,16.90389838626702,-1.7961671921498341,0.5518439403340974,0,0,0.03886295183468674
2025-12-29,18.39,2.91180703861623,3.098672808161761,0.13776057235586803,3.3741939528734974,2.823151663450025,22.168509883188616,29.200737122402206,16.829809068895266,-1.3564532024650204,0.5580405773185673,0,0,0.12611753332947792
2025-12-30,18.95,2.9418039315284354,3.0977074687735096,0.1386506185288083,3.375008705831126,2.820406231715893,22.14712007329359,29.224538204021805,16.7836673454564,-1.1244344879188624,0.5617376352949565,0,0,0.17413030640472424
2025-12-31,19.56,2.9734866646066713,3.097006664836118,0.1391694800596554,3.375345624955429,2.818667704716807,22.131604721589124,29.23438616873232,16.75451383605724,-0.8875509211969431,0.5638936936417047,0,0,0.22480087048626074
2026-01-02,19.75,2.9831534913471307,3.0961273219721233,0.13971831753623534,3.375563957044594,2.8166906868996526,22.11215200696481,29.24076967017624,16.721422585459973,-0.808582815890932,0.5661749738683491,0,0,0.24191177016230683
2026-01-05,20.01,2.996232148595642,3.0961189948839327,0.13972425593728904,3.375567506758511,2.8166704830093545,22.111967877891598,29.240873466727507,16.721084751085222,-0.7148855123130651,0.5661996609609792,0,0,0.2626973444692076
2026-01-06,19.53,2.9719517448885875,3.095689352695131,0.14006535095563663,3.3758200546064043,2.8155586507838577,22.102469684172302,29.248259118968086,16.702504041443657,-0.8834276783109289,0.5676177937033214,0,0,0.22537471368477213
2026-01-07,20.03,2.997231149677727,3.0918426424788774,0.13954624660093906,3.3709351356807558,2.812750149276999,22.01761120586031,29.10573214423363,16.655660844060513,-0.6779938200108772,0.5654596760641931,0,0,0.27102970533932347
2026-01-08,20.15,3.0032042883926917,3.0897833716860825,0.13992690706118957,3.3696371858084615,2.8099295575637036,21.972317634047716,29.067978869143445,16.60874821689006,-0.6187450656329455,0.5670421691404504,0,0,0.2842271631330194
2026-01-09,19.06,2.947591898226056,3.0857490205533282,0.14047777280036217,3.3667045661540524,2.804793474952604,21.88385215989305,28.982858416958198,16.523663003364916,-0.9834803013542383,0.5693328268972446,0,0,0.2035714917728859
2026-01-12,19.53,2.9719517448885875,3.0820248418234284,0.14048333530389348,3.3629915124312153,2.8010581712156415,21.802504354056154,28.87544304953879,16.462057232961836,-0.7835313469510874,0.5693559609021502,0,0,0.24714794274268062
2026-01-13,20.05,2.998229153752578,3.0763045380983653,0.1367413862523442,3.3497873106030536,2.802821765593677,21.67814343740135,28.496672059177495,16.491115240286458,-0.5709711337992879,0.5538092712394284,0,0,0.29643645966620646
2026-01-14,20.96,3.0426158594528414,3.073386884017718,0.1355563185921738,3.3444995212020654,2.8022742468333703,21.61498629389227,28.346385351107408,16.482088516689775,-0.2269980837813413,0.5488921747671947,0,0,0.377427465428888
2026-01-15,20.2,3.005682604407159,3.071486289868921,0.1356927576563714,3.3428718051816637,2.8001007745561783,21.573943992149662,28.300283016484105,16.446304056581617,-0.48494618724164507,0.5494581317266755,0,0,0.3166612625276045
2026-01-16,20.29,3.0101281538377234,3.0696966369248844,0.1357820669333857,3.341260770791656,2.798132503058113,21.535368648304413,28.25472699331073,16.413965101420732,-0.4387065570034748,0.5498286138148966,0,0,0.32734674795158664
2026-01-20,24.26,3.1888289035159043,3.070369562640622,0.13626988464835452,3.342909331937331,2.797829793343913,21.549865228679568,28.301345054217474,16.408997186691952,0.8692994874176899,0.5518525402051531,0,0,0.660172650578681
2026-01-21,21.19,3.0535293722802077,3.0699578272608634,0.13628282275849263,3.342523472777849,2.797392181743878,21.540994213116697,28.290426827586977,16.401817990142533,-0.12054677653521045,0.5519062267889779,0,0,0.4027537683615746
2026-01-22,20.08,2.9997242948235283,3.069523625592882,0.13646427523894505,3.3424521760707724,2.796595075114992,21.531643107779068,28.288409885213913,16.388749201597765,-0.5114842741599382,0.5526592013461794,0,0,0.31019798770266377
2026-01-23,20.37,3.0140632302387145,3.069417597994455,0.13650484727142737,3.3424272925373097,2.7964079034516,21.52936028039365,28.28770597837781,16.385681979206304,-0.4055121035055506,0.5528275733306595,0,0,0.3347597031455358
2026-01-26,20.43,3.0170044088295307,3.068714730706439,0.13666424913980482,3.3420432289860487,2.795386232426829,21.514233314068303,28.27684378758203,16.36894975157855,-0.37837490201266555,0.5534891186764637,0,0,0.34103849397239144
2026-01-27,20.55,3.022860940942244,3.06776118935568,0.1367812130909833,3.3413236155376467,2.7941987631737133,21.493728380678064,28.256502710248316,16.349523663266744,-0.32826327094766833,0.5539745750990989,0,0,0.3527743116166884
2026-01-28,20.37,3.0140632302387145,3.066737789166778,0.13694933746792495,3.340636464102628,2.792839114230928,21.4717429468605,28.23709288337129,16.327309156090767,-0.3846280668601296,0.5546724249053996,0,0,0.3394428426646452
2026-01-29,21.44,3.0652583362026014,3.0663156313607103,0.1369142027261307,3.340144036812972,2.792487225908449,21.462680396013486,28.223191591223678,16.321564777410394,-0.007722319065932368,0.5545265826175146,0,0,0.43006181446128366
2026-01-30,22.52,3.1144038032714896,3.0669107981774295,0.13704427109735315,3.340999340372136,2.792822255982723,21.4754580732306,28.247341313642174,16.3270339085806,0.34655228353414436,0.5550665026288948,0,0,0.5195307370001009
2026-02-02,21.23,3.055415275715165,3.0653601634298213,0.13663861239927308,3.3386373882283675,2.792082938631275,21.442183286908737,28.180701176658964,16.314967510112798,-0.07278241150163575,0.5533827179711986,0,0,0.4142206986951404
2026-02-03,23.45,3.1548704948922883,3.065975506573389,0.136956825524112,3.339889157621613,2.792061855525165,21.455381647721413,28.215999003632735,16.31462354354755,0.6490730781668779,0.5547035077490278,0,0,0.5995421689184636
2026-02-04,26.01,3.25848107946056,3.066877338919976,0.13803903855879165,3.3429554160375594,2.7907992618023925,21.474739532370982,28.30264932629242,16.294037800721625,1.3880402423911333,0.559197074659231,0,0,0.8090828967686633
2026-02-05,29.19,3.3738261848660236,3.0697422235987784,0.1425231940439739,3.3547886116867263,2.7846958355108304,21.536350396509317,28.639549484723624,16.19489121672903,2.1335752633597562,0.5778443440450182,0,1,1.0
2026-02-06,24.3,3.190476350346503,3.0709362549264205,0.14322783647149726,3.357391927869415,2.784480581983426,21.562080831981827,28.71420442040024,16.191405584429482,0.8346149628802854,0.5807787723992014,0,0,0.6475065615746551
2026-02-09,23.42,3.1535903581695712,3.0714787198205893,0.14347800068720307,3.358434721194995,2.7845227184461834,21.573780676969086,28.744163018717572,16.19208784736185,0.572294274771739,0.581820838883172,0,0,0.5758340397078326
2026-02-10,23.46,3.1552968432253294,3.0717653419603295,0.14362789998341288,3.359021141927155,2.7845095419935038,21.579965086401,28.76102413521128,16.191874494488165,0.5815826958038567,0.5824453186276835,0,0,0.578251171579949
2026-02-11,23.26,3.1467351470905185,3.0699864199179596,0.14201832414983018,3.3540230682176198,2.7859497716182995,21.541610136183138,28.617633054717725,16.215211312970876,0.5404142573291353,0.5757425588588978,0,0,0.568017185169264
2026-02-12,26.87,3.2910104226273997,3.0704391071199013,0.14267730513698412,3.3557937173938694,2.785084496845933,21.5513639549489,28.668349730581877,16.20118676811062,1.5459453435550137,0.5784860294008625,0,0,0.8557530902583627
2026-02-13,26.37,3.2722270003651954,3.069344514937824,0.140861550629101,3.351067616196026,2.787621413679622,21.52778690643124,28.533179873388416,16.242340010653585,1.4402971181367739,0.5709290934621362,0,0,0.8240006462091284
2026-02-17,25.98,3.2573270112424533,3.0666657234797214,0.1356359586933042,3.33793764086633,2.795393806093113,21.470195626707746,28.16098870303028,16.369073725010853,1.4056839321927102,0.5492225214450739,0,0,0.8150437221523624
2026-02-18,24.96,3.217274543501227,3.063993840604358,0.13098403945666173,3.3259619195176815,2.8020257616910347,21.412906347885702,27.825751907216837,16.477993471378745,1.1702242771920641,0.5299494730643401,0,0,0.7474609700743788
2026-02-19,25.64,3.2441536320524693,3.0599299592763236,0.12118209252599164,3.302294144328307,2.8175657742243403,21.326063416801134,27.174910630296047,16.736061694730545,1.5202219151037737,0.4894878502209438,0,0,0.8529616972359323
