Date,close,x,ma,sd,upper_x,lower_x,mid_price,upper_price,lower_price,z,bandwidth_pct,walk_count
2025-05-01,481.68,6.177279993156192,6.180430366129345,0.06485030142378154,6.310130968976908,6.050729763281782,483.19986446664205,550.1169923538698,424.42264512053265,-0.04857915698133184,0.2601291028342466,0
2025-05-02,488.83,6.192014780769447,6.179206834472978,0.0639210058285052,6.307048846129988,6.051364822815967,482.6090156709274,548.4240744339102,424.69226437091663,0.20037147617532589,0.25638105805168276,0
2025-05-05,485.93,6.1860645806049455,6.177797361130233,0.06281225870847947,6.3034218785471925,6.052172843713274,481.9292702824063,546.4385609674039,425.0355632731182,0.13161793007765468,0.25191040507488693,0
2025-05-06,481.41,6.176719297879378,6.176443689735884,0.06193965232346878,6.300322994382822,6.052564385088947,481.27733776587644,544.7478322033343,425.20201486648847,0.00444962367652176,0.24839278302981388,0
2025-05-07,483.3,6.180637578851038,6.174954801031452,0.06073555711166717,6.296425915254787,6.053483686808118,480.56130255462165,542.6290380322324,425.5930835372594,0.09356591245450462,0.2435401141806886,0
2025-05-08,488.29,6.190909491644314,6.173676833051975,0.05956847655146547,6.292813786154906,6.054539879949044,479.9475528575427,540.6725276049336,426.0428295004087,0.2892915781965697,0.2388379676529972,0
2025-05-09,487.97,6.190253928553621,6.172378141773163,0.05833064202160683,6.289039425816377,6.05571685772995,479.324653720746,538.6356809752176,426.54456765385333,0.30645619799343565,0.23385217607994857,0
2025-05-12,507.85,6.23018612838551,6.17150695419743,0.057056494493656705,6.285619943184744,6.0573939652101165,478.90725388085883,536.7969711291848,427.2605289430923,1.028439877157251,0.22872161843124367,0
2025-05-13,515.59,6.2453118759971975,6.170818022292368,0.0558998942377262,6.28261781076782,6.059018233816915,478.5774330191968,535.1878521435414,427.9550787221802,1.3326296001210465,0.22406567051200643,0
2025-05-14,518.68,6.251287122680683,6.170190942528025,0.05477125264123873,6.279733447810503,6.060648437245548,478.27742087088427,533.6464002496658,428.6533015267879,1.4806340231773023,0.2195234274946503,0
2025-05-15,519.25,6.252385462756222,6.169577527129935,0.05362926777152074,6.2768360626729764,6.062318991586893,477.98412810071034,532.1024588773757,429.3699886262835,1.544081041327618,0.2149286225450706,0
2025-05-16,521.51,6.256728449712398,6.1691073999875545,0.052732078870458686,6.274571557728472,6.063643242246637,477.7594676021003,530.8988735051087,429.9389587633884,1.6616270703093776,0.21131954799021216,0
2025-05-19,522.01,6.257686744787267,6.169002782118652,0.05254969589473346,6.274102173908119,6.063903390329186,477.7094880391752,530.6497366386229,430.05082110888026,1.6876208541009385,0.21058596918948555,0
2025-05-20,520.27,6.254347907591051,6.169037864922504,0.05260592886958126,6.274249722661666,6.063826007183342,477.7262477214286,530.7280391224087,430.01754371104147,1.6216811394024653,0.21081214585072058,0
2025-05-21,513.04,6.240353814840607,6.1690535956142485,0.05262710666516216,6.274307808944573,6.063799382283924,477.733762744878,530.7588680367959,430.00609468960755,1.3548192888505828,0.21089732651152998,0
2025-05-22,514.0,6.2422232654551655,6.169060276589969,0.05263636882194616,6.274333014233861,6.063787538946077,477.73695448320956,530.7722461362055,430.00100201230896,1.3899702905549267,0.2109345805850533,0
2025-05-23,509.24,6.232919418193445,6.169381306111756,0.05296510176480355,6.275311509641363,6.063451102582149,477.8903467696562,531.291858519186,429.85635837176113,1.1996222033866002,0.21225685103933878,0
2025-05-27,521.22,6.256172217499884,6.169828722429616,0.053579420320673504,6.276987563070963,6.06266988178827,478.1042105484535,532.1830787184801,429.52067678401056,1.611504838116964,0.214728085780088,0
2025-05-28,518.91,6.251730457723942,6.170570884533452,0.05439415345748624,6.279359191448425,6.06178257761848,478.45917307878324,533.4467170579555,429.1397303291718,1.4920642758770488,0.21800603394766246,0
2025-05-29,519.93,6.253694187129393,6.171396156111487,0.05526641896068454,6.281928994032856,6.060863318190118,478.8541948132603,534.8193327303757,428.74542085010233,1.4891145937364145,0.22151609619215967,0
2025-05-30,519.11,6.252115806758594,6.1719792376666875,0.0559264723856791,6.283832182438045,6.06012629289533,479.1334872791161,535.838163889596,428.4295410499115,1.432891539077776,0.2241726485235508,0
2025-06-02,523.21,6.259982913110182,6.173158371147044,0.05701311052811927,6.287184592203282,6.0591321500908055,479.6987828294847,537.6375273995055,428.003832547015,1.5228873001117156,0.2285469523308365,0
2025-06-03,527.3,6.267769646536424,6.1743451611378015,0.05821636799019199,6.290777897118185,6.057912425157418,480.26842249799387,539.5728980751946,427.48210384830554,1.6047803843476127,0.23339197202238987,0
2025-06-04,528.77,6.2705535547042395,6.176237152569302,0.05945451108463194,6.295146174738566,6.0573281304000375,481.1779463725555,541.9350578189958,427.2324012532158,1.5863624208545073,0.23837887299383964,0
2025-06-05,524.79,6.262998182570284,6.178043097111234,0.060409126201902356,6.298861349515039,6.05722484470743,482.0477121965363,543.9521859479431,427.1882765375131,1.4063286592676152,0.24222479737197478,0
2025-06-06,529.92,6.27272605175684,6.179824215750311,0.0615875821828335,6.302999380115978,6.056649051384644,482.90706143594554,546.207740296759,426.9423751812838,1.5084507739033155,0.24697374430772315,0
2025-06-09,530.7,6.274196889833849,6.181932410842388,0.06260853469347291,6.307149480229334,6.056715341455442,483.92619762428814,548.4792673737999,426.970678159654,1.473672550286976,0.251089091292559,0
2025-06-10,534.21,6.2807890200813326,6.183752430240551,0.06385616495042425,6.3114647601414,6.056040100339702,484.807754673364,550.8512230840889,426.68246731940076,1.5196119265245194,0.2561195743420937,0
2025-06-11,532.41,6.277413869214583,6.185408496101096,0.06496562955165168,6.315339755204399,6.055477236997793,485.61129341770146,552.9899098782357,426.44237097696487,1.416216139956547,0.26059430786841326,0
2025-06-12,533.66,6.279758932058197,6.1873901941456255,0.06599186628967746,6.31937392672498,6.055406461566271,486.57458252709444,555.2252719091334,426.412190402174,1.399698828142097,0.2647345055262655,0
2025-06-13,526.96,6.267124644332438,6.188939795914255,0.06675000001747847,6.322439795949212,6.055439795879298,487.3291638600368,556.9301320865598,426.42640479651976,1.171308590227871,0.26779379722802976,0
2025-06-16,534.29,6.280938762711467,6.190776201464699,0.06773287106544858,6.326241943595596,6.055310459333802,488.2249200755492,559.051693366255,426.37125584487916,1.3311492607429358,0.2717608873812597,0
2025-06-17,529.08,6.271139649157846,6.1923944555527815,0.06846966667352129,6.329333788899824,6.055455122205739,489.01563166193785,560.7828696046728,426.4329403968859,1.1500741486086044,0.2747354491536265,0
2025-06-18,528.99,6.270969528087942,6.193648090628048,0.0692043100775399,6.332056710783127,6.055239470472968,489.6290632394746,562.3119183475064,426.34098930944083,1.1172922231759812,0.2777019160963553,0
2025-06-20,526.83,6.266877915855873,6.194738692527472,0.06983130776091459,6.334401308049301,6.055076077005642,490.1633449172063,563.6318600952495,426.27133366772773,1.0330498689124972,0.28023418693358926,0
2025-06-23,531.65,6.275985378097095,6.196290620118507,0.07058096241561278,6.337452544949732,6.055128695287282,490.92463351589225,565.3542608150451,426.293763922933,1.1291254079153714,0.2832624142247497,0
2025-06-24,539.78,6.291161649137967,6.198190723914615,0.0715679243773376,6.34132657266929,6.055054875159939,491.85832805298867,567.5487068206037,426.2622960244914,1.2990585661415683,0.28725021563707526,0
2025-06-25,541.16,6.29371498373516,6.2005780598353235,0.07232152551295526,6.345221110861234,6.055935008809413,493.03396186549986,569.7633566550751,426.63762896206947,1.2878174684403203,0.290295879722887,0
2025-06-26,546.22,6.30302182499318,6.20312122061515,0.07319110131717316,6.349503423249496,6.056739017980803,494.28942224257605,572.2084930179101,426.9807874614199,1.3649282847256465,0.29381107307050297,0
2025-06-27,548.09,6.3064395070398005,6.205587530102493,0.07413179763328398,6.353851125369061,6.057323934835925,495.509997473585,574.7017010313955,427.23060877604576,1.3604415400285208,0.29761476661873254,0
2025-06-30,551.64,6.312895659606137,6.208040242251927,0.07519941300375016,6.358439068259428,6.057641416244427,496.7268325275957,577.3444573866785,427.36626808498966,1.3943648383130394,0.3019329327117774,0
2025-07-01,546.99,6.304430520719223,6.211268864681815,0.07510994059239293,6.3614887458666,6.061048983497029,498.3331676500544,579.1078593870774,428.8250313904802,1.2403372350269706,0.30157099256562153,0
2025-07-02,550.8,6.311371766854499,6.2156818652505015,0.07305520165635324,6.361792268563208,6.069571461937795,500.53717176115185,579.2836584443374,432.49530115776025,1.3098300933329388,0.2932616508182577,0
2025-07-03,556.22,6.321163899441766,6.220217895978714,0.07098515284887583,6.3621882016764655,6.078247590280963,502.812780967687,579.5130614378086,436.26401116343266,1.4220720729863197,0.284895403809518,0
2025-07-07,552.03,6.313602392626392,6.224930777845316,0.06755905225742947,6.360048882360175,6.0898126733304565,505.1880710396462,578.2746231312564,441.3387288876933,1.3125053093284802,0.27105923930815967,0
2025-07-08,552.34,6.314163798691646,6.22776374725475,0.06767751267960613,6.363118772613962,6.092408721895538,506.62128255455656,580.0525904467559,442.4859541434693,1.2766434228445216,0.2715374206342632,0
2025-07-09,556.25,6.32121783348045,6.231438670178682,0.06665815990411712,6.364754989986916,6.098122350370448,508.4865018890559,581.0024594566434,445.0213908649787,1.3468593107116738,0.2674231628302568,0
2025-07-10,555.45,6.3197785960277315,6.234785348989029,0.06596503009215711,6.366715409173343,6.102855288804715,510.1910936598665,582.1425850223924,447.1326419795218,1.2884591566161887,0.2646262248021108,0
2025-07-11,554.2,6.317525632428878,6.237981890064292,0.06524615129378362,6.368474192651859,6.107489587476725,511.8245497608737,583.1673486876118,449.2095970864254,1.2191330950146715,0.26172592085270624,0
2025-07-14,556.21,6.321145920782435,6.241220199580422,0.06446701825695388,6.370154236094329,6.112286163066514,513.4846826322218,584.147918637052,451.3694406600072,1.239792429726524,0.2585831329892776,0
2025-07-15,556.72,6.322062420536595,6.244984075161314,0.06245305631409865,6.369890187789512,6.1200779625331165,515.4210168649465,583.9936957314178,454.90015828573877,1.234180517725604,0.2504623079417517,0
2025-07-16,557.29,6.323085750757584,6.2487680083023065,0.060150146544611004,6.369068301391528,6.128467715213085,517.3750301285114,583.5139164454299,458.7327127193052,1.2355371802819948,0.2411813413088957,0
2025-07-17,561.8,6.331145914670143,6.253103911258312,0.056441137689812876,6.3659861866379375,6.140221635878686,519.6231884269911,581.7182282746312,464.1564331787803,1.3827149240104268,0.2262443203347704,0
2025-07-18,561.26,6.330184256269674,6.25699189787004,0.05350583042166553,6.364003558713371,6.149980237026709,521.6474089479644,580.5660400287396,468.70812362475476,1.3679323883551415,0.21443203682267872,0
2025-07-21,564.17,6.335355624520363,6.26059232631028,0.051345999719463575,6.363284325749207,6.157900326871353,523.5289482561909,580.1486279211446,472.43507348170016,1.456068605510916,0.2057451737830825,0
2025-07-22,561.25,6.330166439056464,6.2636437929340785,0.049930146115514454,6.363504085165108,6.163783500703049,525.1289192559356,580.2761350546854,475.22268309883054,1.3323142689886032,0.2000526882136046,0
2025-07-23,563.81,6.334717315308811,6.266586336139243,0.04881722155560238,6.364220779250448,6.168951893028038,526.6764094509203,580.6921645936901,477.68517845630254,1.395634102034422,0.19557926705845088,0
2025-07-24,565.01,6.3368434301048575,6.269569605764317,0.047533346948714306,6.364636299661745,6.174502911866888,528.2499732009012,580.9335041780486,480.3441911679245,1.415297441880652,0.1904199112412798,0
2025-07-25,566.37,6.339247574875062,6.272483232487603,0.0463422895005877,6.365167811488778,6.1797986534864275,529.7913408339402,581.2423592790373,482.89471739598144,1.4406785488363105,0.1856346721866907,0
2025-07-28,568.14,6.342367867223464,6.275450967132786,0.04500168346986587,6.365454334072517,6.185447600193054,531.3659563156145,581.4089222024764,485.6302831776615,1.486986595412313,0.18024985960509193,0
2025-07-29,567.26,6.340817752415979,6.2781765964537835,0.04391253125671968,6.366001658967223,6.190351533940344,532.8162385143187,581.7272288802403,488.0176308250342,1.4264984087568333,0.17587601743614617,0
2025-07-30,568.02,6.342156629368855,6.280678960597106,0.04320349149351105,6.367085943584128,6.194271977610084,534.1512083582794,582.3583288499136,489.9346317482522,1.422979177064491,0.17302908924558436,0
2025-07-31,565.01,6.3368434301048575,6.283191941422105,0.04199527017216258,6.36718248176643,6.19920140107778,535.4952081180586,582.4145513781962,492.3556893261684,1.2775602695923687,0.16817865162328932,0
2025-08-01,553.88,6.316948056786513,6.28552908740389,0.03985211818525433,6.365233323774398,6.205824851033381,536.7482022367141,581.2804390418255,495.6276063224186,0.7883889442606534,0.15957730712926113,0
2025-08-04,564.1,6.33523154074593,6.288105653435472,0.037938824261766625,6.363983301959005,6.212228004911939,538.1329526064147,580.5542797641862,498.81136833324945,1.242154658913615,0.15190095874080897,0
2025-08-05,560.27,6.328418810392817,6.290397475414613,0.03610728759770611,6.362612050610025,6.218182900219201,539.3676718728332,579.7587394923955,501.7905995108093,1.0530100017986235,0.14455471480309415,0
2025-08-06,567.32,6.340923518426407,6.292908635245826,0.03424664671722597,6.361401928680278,6.224415341811374,540.7238123347789,579.0575850545182,504.92774600013144,1.4020316668384671,0.13709372023825478,0
2025-08-07,569.24,6.344302137815459,6.294810568736326,0.033877255610480175,6.362565079957286,6.227056057515365,541.7532116768025,579.7315084855046,506.26287870546,1.4609084528034553,0.13561272586211132,0
2025-08-08,574.55,6.353587125703642,6.296615156231434,0.03407571905973328,6.3647665943509,6.228463718111968,542.7317353983153,581.0092016597781,506.9760268288337,1.6719227369006873,0.13640841322206973,0
2025-08-11,572.85,6.350623902339635,6.298270769225749,0.03424595560881631,6.366762680443382,6.229778858008117,543.6310333511376,582.1701042921603,507.64320985144997,1.5287391513293762,0.1370909493177748,0
2025-08-12,580.05,6.363114306721416,6.300116249958502,0.03470398718464412,6.36952422432779,6.230708275589214,544.6352202677119,583.7800144790547,508.11524169898024,1.8152973728272153,0.1389274324618263,0
2025-08-13,580.34,6.363614138684873,6.301897678108043,0.03517126551559577,6.3722402091392345,6.231555147076851,545.6063134899166,585.3677072303257,508.5457322689753,1.7547409702805017,0.14080111073122709,0
2025-08-14,579.89,6.362838430381235,6.303650206201277,0.03554245406496053,6.374735114331198,6.232565298071355,546.563342247097,586.8299675041842,509.0596997948767,1.6652824273692615,0.1422895787148275,0
2025-08-15,577.34,6.358431347731711,6.30538493020362,0.0356337067102812,6.376652343624182,6.234117516783058,547.5123016490472,587.9561343229304,509.85048536357476,1.4886584199444557,0.1426555142671863,0
2025-08-18,577.11,6.3580328895862,6.307346248116047,0.03523672771873123,6.377819703553509,6.236872792678584,548.5872010987438,588.6428915227705,511.2572011713693,1.438460514118883,0.141063608841782,0
2025-08-19,569.28,6.34437240447747,6.309048733766419,0.03450933322071756,6.378067400207854,6.240030067324984,549.5219584162726,588.7887144567854,512.8739314581738,1.0235976014119188,0.1381469508832708,0
2025-08-20,565.9,6.338417384148478,6.310807033199003,0.03325031144773723,6.3773076560944775,6.244306410303529,550.4890325177186,588.3415555816246,515.0718524764333,0.8303787166887998,0.13309929676543186,0
2025-08-21,563.28,6.333776840210878,6.31210044357752,0.03260298222697456,6.377306408031469,6.24689447912357,551.2015014036375,588.3408212947509,516.4066203684562,0.6648593212256553,0.1305043631831805,0
2025-08-22,571.97,6.349086542451929,6.313723044989653,0.031974660071942294,6.377672365133538,6.2497737248457685,552.0966077422007,588.5561681982019,517.8956244967899,1.1059850951568826,0.12798583202743877,0
2025-08-25,570.32,6.3461976068093735,6.3152647686509855,0.031265330074882136,6.3777954288007495,6.252734108501222,552.948444625509,588.6286025355464,519.4310658651788,0.9893654755699743,0.12514283626791375,0
2025-08-26,572.61,6.350204856709911,6.316899586150174,0.03047510255701168,6.377849791264198,6.25594938103615,553.8531537345775,588.6606027062325,521.103866118285,1.0928682027379728,0.1219758994463044,0
2025-08-27,573.49,6.351740499625772,6.318428879258767,0.029876961550325976,6.378182802359419,6.258674956158115,554.7008055345815,588.8566658620445,522.5261111891684,1.1149601110171037,0.11957897665021652,0
2025-08-28,577.08,6.3579809050775715,6.319932400234452,0.029557948805602693,6.3790482978456575,6.260816502623247,555.5354371167488,589.3665392631251,523.6463242015043,1.2872511923394054,0.11830067115558168,0
2025-08-29,570.4,6.346337869100086,6.321195472141051,0.02903549483457663,6.379266461810205,6.2631244824718975,556.237561644029,589.4951318305243,524.8562851111811,0.8659193549921741,0.11620726678057314,0
2025-09-02,565.62,6.337922474636114,6.322444210342147,0.028101869715590012,6.3786479497733275,6.266240470910967,556.9325906004269,589.1306347303487,526.4942818919485,0.5507912623116388,0.11246666813100695,0
2025-09-03,570.07,6.345759160305976,6.3236614288179664,0.027497181443544322,6.3786557917050555,6.268667065930877,557.6109119884034,589.1352546706797,527.7734216438047,0.8036362393498089,0.11004417544137154,0
2025-09-04,575.23,6.354769960818677,6.3250043133343805,0.027011879811549986,6.379028072957481,6.27098055371128,558.3602220541337,589.3546195113117,528.995832476643,1.101946539521074,0.1081000842298842,0
2025-09-05,576.06,6.356211821937587,6.326261360031984,0.02667789519089686,6.379617150413778,6.272905569650191,559.0625482632785,589.7018973081485,530.0151386613348,1.1226695993551559,0.10676221977707136,0
2025-09-08,578.87,6.361077927320296,6.327655761000414,0.026271676847869088,6.380199114696152,6.275112407304675,559.842649382468,590.0451826298395,531.1860875986598,1.272174841119555,0.10513506803403408,0
2025-09-09,580.51,6.363907027518426,6.3290582292580835,0.025921063935387952,6.380900357128859,6.277216101387308,560.6283617670703,590.4590924577199,532.304716842234,1.3444200572633984,0.10373070572488767,0
2025-09-10,580.7,6.364234272378004,6.330676723058843,0.02501949475555612,6.380715712569955,6.2806377335477315,561.5364699806435,590.3500774638646,534.129187333973,1.3412560743940964,0.10011974846768111,0
2025-09-11,584.08,6.3700379597478305,6.332161709676116,0.024664967804682546,6.3814916452854815,6.282831774066751,562.370963576235,590.8083271650581,535.3023749533359,1.5356294146276401,0.09869988994230476,0
2025-09-12,586.66,6.374445435663158,6.333883472784537,0.02394020040633383,6.381763873597205,6.286003071971869,563.3400671985938,590.9691838123875,537.0026729042856,1.6943033972217398,0.09579739494914556,0
2025-09-15,591.68,6.38296594819876,6.335750079786385,0.023320185599343644,6.3823904509850715,6.289109708587698,564.3925837242061,591.3395877711447,538.6735391139808,2.0246780717604693,0.0933145653857483,0
2025-09-16,591.18,6.382120539562438,6.337670790181494,0.022291762399794014,6.382254314981082,6.293087265381906,565.4776601518926,591.2590906420676,540.8204105303752,1.9939988854965942,0.08919659195403777,0
2025-09-17,590.0,6.380122536899765,6.339406409494871,0.02145991554996103,6.382326240594793,6.2964865783949495,566.4599663083146,591.3016188444395,542.6619566120851,1.8973107005058756,0.08586601900456405,0
2025-09-18,595.32,6.389099076100958,6.341038699944255,0.021452902061085084,6.383944504066425,6.298132895822085,567.3853485421054,592.2592753161848,543.556086256956,2.2402738808882936,0.08583793921427744,0
2025-09-19,599.35,6.395845734653109,6.342740879126222,0.021681041069039036,6.386102961264299,6.299378796988144,568.3519625122452,593.5390222546395,544.2337254667262,2.4493683378849243,0.0867513443077993,0
2025-09-22,602.2,6.400589616047633,6.3443670089771285,0.02229135397222558,6.388949716921579,6.299784301032678,569.2769284578517,595.23109013325,544.4544591947598,2.522171023821918,0.08919495661986863,0
2025-09-23,598.2,6.393925146195848,6.345825102963063,0.022621604346281035,6.391068311655625,6.3005818942705005,570.107593170009,596.49348036081,544.8888856144731,2.126287883763326,0.09051729070892797,0
2025-09-24,596.1,6.390408438225881,6.3471169826067255,0.022915572345212812,6.392948127297151,6.3012858379163,570.8445795106488,597.6158327125086,545.272591721061,1.8891719118767516,0.09169438209664416,0
2025-09-25,593.53,6.3860877603712245,6.348477936600926,0.022764322634025686,6.394006581868977,6.302949291332874,571.6220016190683,598.2487168032819,546.1803821009009,1.652138935778555,0.0910887519285508,0
2025-09-26,595.97,6.390190330228003,6.349791579323817,0.02285912641076821,6.395509832145353,6.304073326502281,572.3734021295912,599.1487106406696,546.7946532257209,1.767291985627022,0.09146836177250454,0
2025-09-29,598.73,6.394810745244479,6.351019026753862,0.02326268945076456,6.397544405655391,6.3044936478523335,573.0763917441974,600.3689636622137,547.0245310004502,1.8824873445223094,0.09308433121700582,0
2025-09-30,600.37,6.397546131822057,6.35241808907379,0.023493434438533745,6.399404957950858,6.305431220196723,573.8787224547877,601.487021295503,547.5376465763179,1.9208789105030835,0.09400832023953538,0
2025-10-01,603.25,6.4023317045051416,6.353887554170682,0.023809979110866044,6.401507512392414,6.30626759594895,574.7226371069897,602.7530109433612,547.9957853487194,2.034615406796021,0.09527591582311078,0
2025-10-02,605.73,6.406434342230392,6.355307829316513,0.024354236356883937,6.404016302030281,6.306599356602745,575.5394813186749,604.2670899100827,548.177618949693,2.099286225389203,0.09745547052980207,0
2025-10-03,603.18,6.402215659645384,6.356681780376808,0.024634827429450848,6.40595143523571,6.307412125517906,576.3307878830387,605.4375593626085,548.6233417886596,1.8483538964896666,0.09857918190113911,0
2025-10-06,607.71,6.409697794493825,6.358217983077891,0.02501612215323675,6.4082502273843645,6.308185738771417,577.2168291913789,606.8309353979155,549.0479282887495,2.0578653678053476,0.10010624116783633,0
2025-10-07,604.51,6.404418212515208,6.35960585460677,0.025229920798371237,6.410065696203513,6.309146013010028,578.0184881657582,607.9336186803198,549.5754180969503,1.7761592779684965,0.10096251552188086,0
2025-10-08,611.44,6.415816830934629,6.3611684281134036,0.025754158392273987,6.412676744897952,6.3096601113288555,578.9223905647641,609.5230370831049,549.8580265334997,2.1219253989530307,0.10306219196566119,0
2025-10-09,610.7,6.414605840229089,6.362693762937929,0.026160488141815187,6.41501473922156,6.310372786654298,579.8061148641717,610.9497656756884,550.2500364528131,1.9843695962302434,0.10468970172398935,0
2025-10-10,589.5,6.379274719977426,6.363495909693049,0.02591760130043489,6.415331112293919,6.311660707092179,580.2713910427493,611.1430843089049,550.9591712772998,0.608806737223471,0.10371683657099563,0
2025-10-13,602.01,6.400274056466536,6.364664073029664,0.025969345044216097,6.416602763118097,6.312725382941232,580.9496388820533,611.9207392637438,551.5460765772824,1.371231479894506,0.10392409022345382,0
2025-10-14,598.0,6.393590753950631,6.365634658520169,0.0259440611267632,6.417522780773695,6.313746536266643,581.5137738986107,612.4839762019286,552.1095773488738,1.0775527892055237,0.10382281824261883,0
2025-10-15,602.22,6.400622827053764,6.366808931653457,0.025906595288610716,6.418622122230679,6.314995741076236,582.1970309866447,613.1576754736249,552.7997062547483,1.3052234391901225,0.10367275339173124,0
2025-10-16,599.99,6.396912988410589,6.367845526205154,0.025846022087425927,6.419537570380006,6.316153482030302,582.8008461586703,613.7192465382606,553.4400757335335,1.1246396875740703,0.10343013604396137,0
2025-10-17,603.93,6.4034582971788465,6.368955773989721,0.0259210956397325,6.420797965269186,6.317113582710256,583.4482588347034,614.4932628206051,553.9716890868938,1.3310595998202825,0.10373083271272159,0
2025-10-20,611.54,6.415980365906947,6.370234653840252,0.026313746432828612,6.422862146705909,6.317607160974595,584.1948963848514,615.7629984382111,554.2451849619436,1.7384720257706452,0.1053035790914224,0
2025-10-21,611.38,6.4157186971127285,6.371457167671739,0.02669187238088616,6.4248409124335115,6.318073422909967,584.9095194552572,616.9826554656437,554.5036686504237,1.6582399619400514,0.10681820817928972,0
2025-10-22,605.49,6.406038047580138,6.372544172591142,0.026749932018040982,6.426044036627224,6.31904430855506,585.5456646641583,617.7254089482827,555.0422897298954,1.2521106583151917,0.10705077844669801,0
2025-10-23,610.58,6.414409325096791,6.373748384186608,0.026980181756067718,6.427708747698743,6.319788020674473,586.2512102710614,618.7545996906493,555.4552349447013,1.507066975226696,0.10797310715432168,0
2025-10-24,617.1,6.425031085327022,6.37521817844031,0.027329512298068848,6.4298772030364475,6.320559153844172,587.1135124793234,620.0977972106621,555.8837300928276,1.82267822211491,0.10937249058817383,0
2025-10-27,628.09,6.442683468301912,6.377313768632234,0.027600363195205216,6.4325144950226445,6.322113042241824,588.3451518525882,621.735334544817,556.7481828290607,2.368436212500039,0.11045752907306862,0
2025-10-28,632.92,6.450344031850783,6.379232310150647,0.028591508138740864,6.436415326428129,6.322049293873166,589.4749999372422,624.1653557338295,556.7126921718996,2.487162319492358,0.11442837027713007,0
2025-10-29,635.77,6.4548368627142105,6.381339277689338,0.029415454593636425,6.44017018687661,6.322508368502065,590.7183139781869,626.5134151002405,556.9683235169051,2.4986044254700297,0.11772970286799585,0
2025-10-30,626.05,6.439430240114957,6.382981056384148,0.029859542924273588,6.442700142232695,6.323261970535601,591.6889392786584,628.1004728164974,557.3882141734767,1.8904905501724876,0.11950917779404084,0
2025-10-31,629.07,6.444242538266764,6.384646729725002,0.030437362067832693,6.4455214538606675,6.323772005589337,592.6753210377361,629.8750421133843,557.672574211874,1.9579820488039072,0.12182465734373496,0
2025-11-03,632.08,6.449015968414478,6.386237210436849,0.03125510697809163,6.448747424393032,6.323726996480666,593.6187097261218,631.9102814843907,557.6474744312419,2.0085920045525314,0.12510186393453038,0
2025-11-04,619.25,6.428509068369469,6.387535296537346,0.03136622475973955,6.450267746056825,6.324802847017867,594.38977827062,632.871719036888,558.2477426076994,1.3063023091231283,0.12554720682833312,0
2025-11-05,623.28,6.434995856022603,6.388733322359033,0.031780603977796036,6.452294530314625,6.325172114403441,595.1022992972075,634.1557142253174,558.4539233576847,1.4556845331162294,0.12720802953884316,0
2025-11-06,611.67,6.416192921396992,6.389609635404236,0.031800783027385184,6.453211201459006,6.326008069349466,595.6240237689052,634.7372929871024,558.920960861,0.8359318061402456,0.1272889089435354,0
2025-11-07,609.74,6.413032636797544,6.390446205511173,0.03174569174773942,6.453937589006652,6.326954822015694,596.122513503897,635.1985257493417,559.4503713417541,0.7114802054354028,0.12706809874090144,0
2025-11-10,623.23,6.4349156320371925,6.391720943582931,0.03196936502871939,6.45565967364037,6.327782213525492,596.8828981099298,636.2933337753727,559.9134473753273,1.3511275064568151,0.1279646085386388,0
2025-11-11,621.57,6.432248535340501,6.39295787101217,0.03207756728204363,6.457113005576257,6.3288027364480826,597.6216557392421,637.2187515046238,560.4851435479479,1.2248642168798565,0.1283983055496181,0
2025-11-12,621.08,6.431459898112969,6.394409329239427,0.03181552923688699,6.4580403877132015,6.330778270765653,598.4897084269635,637.8099708928723,561.5934956168222,1.1645435346266486,0.12734801317866132,0
2025-11-13,608.4,6.4108325603851375,6.395616248843372,0.031032482806399614,6.457681214456171,6.333551283230573,599.2124734607324,637.5809277438095,563.1529625917597,0.4903349705112038,0.12420963923229691,0
2025-11-14,608.86,6.411588356224805,6.396913107443605,0.030030813222482914,6.456974733888571,6.3368514809986385,599.9900714186232,637.1306482836588,565.0145488538062,0.4886730396702587,0.12019548800089394,0
2025-11-17,603.66,6.403011125532014,6.397811850494938,0.029386030051025143,6.456583910596989,6.339039790392888,600.5295507165018,636.8816914387645,566.2523293283243,0.17693016130617406,0.11761180116144344,0
2025-11-18,596.31,6.3907606660706175,6.398554568149294,0.028625430712711262,6.455805429574716,6.341303706723871,600.9757402917074,636.3860840640436,567.5357294312216,-0.27227195834699597,0.11456428274359755,0
2025-11-19,599.87,6.396712965073866,6.399329703288692,0.027926857994247323,6.455183419277187,6.343475987300197,601.4417582960655,635.990368448904,568.7699162873798,-0.09369969995782951,0.11176552215457279,0
2025-11-20,585.67,6.372756491022426,6.39967996981197,0.027455602328270927,6.454591174468512,6.344768765155428,601.6524601084396,635.6138179708621,569.5056849301092,-0.9806187628898252,0.10987760779510125,0
2025-11-21,590.07,6.380241173929911,6.400050974292842,0.027036827377554605,6.454124629047952,6.345977319537733,601.875717279212,635.3173444194093,570.1943796000337,-0.7326969280196196,0.10820002028618954,0
2025-11-24,605.16,6.405492885876634,6.401036891239118,0.026123296396563828,6.453283484032245,6.34879029844599,602.4694093658832,634.7831750901884,571.8005824116343,0.17057551121697545,0.10454073136235265,0
2025-11-25,608.89,6.411637627421695,6.4022654771188785,0.024827396663767806,6.451920270446414,6.352610683791343,603.2100496521552,633.9184195989836,573.9892591092947,0.37749226911469635,0.09935040128102546,0
2025-11-26,614.27,6.420434570903782,6.4035100672955085,0.0238146276311938,6.451139322557896,6.355880812033121,603.9612663358795,633.4235556043518,575.8693499896946,0.7106768105038509,0.09529453099505517,0
2025-11-28,619.25,6.428509068369469,6.404739052421354,0.02316136048166479,6.451061773384684,6.358416331458024,604.7039820485913,633.3744360359368,577.3313305696405,1.0262789168595083,0.09267857849461447,0
2025-12-01,617.17,6.425144512697167,6.405887930600681,0.02242365291683712,6.450735236434355,6.361040624767007,605.3991124921586,633.1676496427139,578.8484070737156,0.8587620477316158,0.08972468153345994,0
2025-12-02,622.0,6.432940092739179,6.407085633357663,0.021911574634130196,6.450908782625923,6.363262484089402,606.1246350717321,633.2775430124458,580.1359566505583,1.1799452943580278,0.08767435488841067,0
2025-12-03,623.52,6.4353808415903995,6.408276863592195,0.021470177462098238,6.451217218516391,6.3653365086679985,606.8470992881001,633.4728986611364,581.3404214966683,1.2624012095871937,0.085907104484186,0
2025-12-04,622.94,6.434450205963326,6.409447129151951,0.02094486171532161,6.451336852582593,6.367557405721308,607.5576872556503,633.5486881332429,582.6329534847097,1.1937570727948772,0.08380395099356006,0
2025-12-05,625.48,6.43851935497531,6.4105884857390745,0.02062974548481801,6.45184797670871,6.369328994769439,608.2515231057948,633.8725929235424,583.6660544891946,1.3539124492248598,0.08254239656974141,0
2025-12-08,624.28,6.436598985674353,6.411624378239263,0.02034740997763607,6.452319198194535,6.370929558283991,608.8819327587511,634.1713576952646,584.6009970986121,1.2274096537367538,0.08141210623881846,0
2025-12-09,625.05,6.437831646536572,6.412538806544892,0.02027164280447545,6.453082092153843,6.371995520935941,609.4389662776452,634.6553477863013,585.2244921800085,1.2476956226801748,0.08110878749386251,0
2025-12-10,627.61,6.441918954447679,6.413535446792979,0.020221562228251822,6.453978571249483,6.3730923223364755,610.0466604561271,635.2245581429988,585.86671935611,1.4036258590864625,0.08090830093223415,0
2025-12-11,625.58,6.438679219410609,6.4145113915014935,0.01999722205979946,6.4545058356210925,6.374516947381895,610.6423228858653,635.5595777346649,586.7019545650179,1.208559260723543,0.08001021438990392,0
2025-12-12,613.62,6.419375844045977,6.415016004300577,0.019729813517642972,6.454475631335863,6.3755563772652915,610.9505385759066,635.540381401806,587.3121071597255,0.2209772404336587,0.07893973602920139,0
2025-12-15,610.54,6.414343811469934,6.415324305580857,0.019571740729317767,6.454467787039492,6.376180824122221,611.1389244474474,635.535396054252,587.6789668893597,-0.0500974402064453,0.07830695648810303,0
2025-12-16,611.75,6.4163237023227815,6.41558654035211,0.019477741058376807,6.454542022468863,6.376631058235357,611.299207338459,635.5825770484875,587.94361958119,0.03784637902630385,0.07793067109429627,0
2025-12-17,600.41,6.397612755183562,6.415648000501905,0.019415010567308544,6.454478021636522,6.376817979367289,611.3367790338809,635.5419005362139,588.0535289399451,-0.9289330673201357,0.07767955932786598,0
2025-12-18,609.11,6.4119988753730786,6.416007841121025,0.01914204343575211,6.4542919279925295,6.37772375424952,611.5568024232413,635.423641232027,588.5864143565465,-0.2094324862129734,0.07658687907630495,0
2025-12-19,617.05,6.424950057899192,6.4166555460798245,0.018772608733554835,6.454200763546934,6.379110328612715,611.9530391051378,635.3657158284648,589.4030992555439,0.4418411919778454,0.07510807796646005,0
2025-12-22,619.21,6.428444472015911,6.417293115109624,0.01851073192698722,6.454314578963598,6.38027165125565,612.3433258147015,635.4380343575493,590.0879840296499,0.6024265788231118,0.07405984260147326,0
2025-12-23,622.11,6.433116925977859,6.41793155145518,0.018384464349902038,6.454700480154983,6.381162622755376,612.7343928722884,635.6832979727764,590.6139698901613,0.8259895003555127,0.07355442848792196,0
2025-12-24,623.93,6.436038182589659,6.418573085634639,0.018333440555983585,6.455239966746606,6.381906204522672,613.1276090455677,636.0263331116603,591.0533029894807,0.9526360805920552,0.07335019571568041,0
2025-12-26,623.89,6.435974070778639,6.419133791739197,0.018342596553757428,6.4558189848467125,6.382448598631682,613.4714898378529,636.3947105089746,591.3739737762442,0.918096791263276,0.07338684434158456,0
2025-12-29,620.87,6.431121720244293,6.419545248039429,0.018329997060752702,6.456205242160935,6.382885253917924,613.723958483705,636.640570100117,591.6322567342451,0.6315588685854425,0.07333641247617503,0
2025-12-30,619.43,6.428799700334572,6.4199883153842485,0.018226756553615678,6.45644182849148,6.383534802277017,613.9959397770078,636.7912083752489,592.016675331512,0.4834313183700152,0.0729231744757109,0
2025-12-31,614.31,6.420499686728578,6.420168346921495,0.01817750499338768,6.456523356908271,6.38381333693472,614.1064883607263,636.8431270706899,592.1815954604494,0.01822801353670523,0.07272603767704576,0
2026-01-02,613.12,6.418560675342441,6.420404054635282,0.01806307728193444,6.45653020919915,6.384277900071413,614.2512550577625,636.8474909199924,592.4567651118176,-0.10205233936990141,0.07226802622324383,0
2026-01-05,617.99,6.426472276097,6.420581645387988,0.01806948349911637,6.456720612386221,6.384442678389755,614.3603500873464,636.968760256609,592.5543971848666,0.32599884270627555,0.07229366782121895,0
2026-01-06,623.42,6.435220448948869,6.420925222199984,0.018148404730785318,6.457222031661555,6.384628412738413,614.5714663230913,637.2882287579263,592.6644651112533,0.7876850313259786,0.07260955981840758,0
2026-01-07,624.02,6.436182419137848,6.421873683852659,0.01741929897602041,6.456712281804699,6.387035085900618,615.1546403070893,636.9634539585273,594.0925325301049,0.8214300302719701,0.06969129161900003,0
2026-01-08,620.47,6.430477255369489,6.422377070501041,0.017223139600316698,6.456823349701674,6.387930791300407,615.4643788923037,637.0342040787691,594.6249028073397,0.4703082629777545,0.06890618324289786,0
2026-01-09,626.65,6.440388171057531,6.423157027452822,0.01695948113074171,6.457075989714306,6.389238065191338,615.944601865473,637.19516473983,595.4027487357379,1.0160183246098897,0.06785093314807546,0
2026-01-12,627.17,6.441217636259576,6.4238336076062525,0.01685643782755078,6.457546483261354,6.390120731951151,616.3614787681248,637.4950314902046,595.9285229583267,1.0312990698966078,0.0674385242487149,0
2026-01-13,626.24,6.439733684207711,6.424547285869538,0.016606174691105927,6.45775963525175,6.391334936487326,616.8015195629459,637.6309293079648,596.65254153851,0.9145031062636413,0.06643691117766914,0
2026-01-14,619.55,6.428993408062502,6.424972871050932,0.01638599883338097,6.457744868717694,6.39220087338417,617.0640770158509,637.6215137786496,597.16942875238,0.24536417050021506,0.06555572838058844,0
2026-01-15,621.78,6.432586332424181,6.425249637159553,0.016372009214224326,6.457993655588002,6.392505618731104,617.2348830747899,637.780165373902,597.3514410894209,0.44812430585821317,0.06549973987711653,0
2026-01-16,621.26,6.431749673860767,6.425516820105354,0.016345075506090847,6.458206971117536,6.392826669093172,617.3998197422525,637.9162282992569,597.5432517746624,0.3813291503664335,0.06539194737933209,0
2026-01-20,608.06,6.410273561307727,6.425587412000813,0.016269770006942755,6.458126952014699,6.393047871986927,617.4434047041385,637.8651848572356,597.6754446912875,-0.9412456775081463,0.0650905651590949,0
2026-01-21,616.28,6.423701405713574,6.425742280011093,0.016206733843053375,6.4581557476972,6.393328812324986,617.53903434048,637.8835528850357,597.843379421484,-0.12592755068866884,0.0648382875202599,0
2026-01-22,620.76,6.430944533803424,6.4258408374856995,0.016220084331710287,6.45828100614912,6.393400668822279,617.5999004275302,637.9634581956785,597.886339896135,0.31465288424837073,0.06489171755338742,0
2026-01-23,622.72,6.4340969795575855,6.42569772933996,0.016108346188795357,6.457914421717551,6.39348103696237,617.5115231748746,637.7296335848439,597.9343928401951,0.5214222564615267,0.0644445313992612,0
2026-01-26,625.46,6.4384873790212245,6.4255001184594684,0.015875831172043376,6.457251780803555,6.3937484561153815,617.3895082352029,637.3071878179453,598.094313331033,0.8180523224904288,0.06351399556335444,0
2026-01-27,631.13,6.447511863508562,6.425378035139374,0.01567668067577267,6.45673139649092,6.394024673787829,617.3141398749498,636.9756294314485,598.2595403684288,1.4118950833382795,0.06271699700716797,0
2026-01-28,633.22,6.45081791310501,6.425567829689209,0.01591281487175819,6.457393459432725,6.3937421999456925,617.4313138533734,637.3974870232582,598.0905715632234,1.5867766714621052,0.06366200511393136,0
2026-01-29,629.43,6.444814647936719,6.4255773648503745,0.01592416949462312,6.457425703839621,6.393729025861128,617.4372011885279,637.4180398585393,598.0826923193574,1.2080556598471621,0.06370744662528231,0
2026-01-30,621.87,6.43273106767953,6.425305949838125,0.015658936642382406,6.45662382312289,6.39398807655336,617.2696422030449,636.9071115030562,598.2376461243937,0.4741776540118222,0.06264598602427712,0
2026-02-02,626.14,6.43957398826844,6.425490365169775,0.01576040091371379,6.457011166997203,6.393969563342347,617.3834866858406,637.1538613566403,598.226570927134,0.8936081750566228,0.0630520434527181,0
2026-02-03,616.52,6.424090763278519,6.42530861362404,0.0157125410258267,6.456733695675693,6.393883531572387,617.2712864794132,636.9770939578002,598.175106650213,-0.07750817283588363,0.06286050907842006,0
2026-02-04,605.75,6.406467359696635,6.425146520929034,0.015855260584197863,6.45685704209743,6.393435999760638,617.1712394217058,637.0556676488605,597.9074641547234,-1.1781049660587244,0.06343167178499659,0
2026-02-05,597.03,6.391967363386331,6.424795433038848,0.01634527038405021,6.457485973806948,6.392104892270748,616.9545961060213,637.4564581806992,597.1121145162925,-2.008413986504055,0.06539272730772175,1
2026-02-06,609.65,6.412885022006273,6.424428256204999,0.016361245963771413,6.457150748132542,6.391705764277456,616.7281062542527,637.2428022230831,596.8738379108506,-0.705522930483774,0.06545666380832976,0
2026-02-09,614.32,6.420515965022288,6.424232713366362,0.016336705709157812,6.456906124784678,6.391559301948047,616.6075212798369,637.0869368203364,596.7864247797083,-0.22750904682031783,0.06535845031046639,0
2026-02-10,611.47,6.415865894234472,6.42397281330172,0.016343702041900474,6.456660217385521,6.391285409217919,616.4472857687092,636.9302916895542,596.6229916991101,-0.4960270963374172,0.06538645058706186,0
2026-02-11,613.11,6.418544365188555,6.424101343381777,0.016270016589513357,6.456641376560803,6.39156131020275,616.5265228797667,636.9182915106178,596.787623280056,-0.34154717437741006,0.06509155201160417,0
2026-02-12,600.64,6.397995753398144,6.423874800001332,0.016535141394411843,6.456945082790156,6.3908045172125085,616.3868686966026,637.1117569401794,596.3361494477585,-1.5650937591579723,0.06615262193797862,0
2026-02-13,601.92,6.400124546112665,6.423826690344344,0.01659984780605943,6.457026385956463,6.390626994732226,616.3572152490921,637.1635582490867,596.2302957714078,-1.4278531049560095,0.06641158968364848,0
2026-02-17,601.3,6.3990939780455225,6.423965578877258,0.01635567410511897,6.456676927087496,6.39125423066702,616.4428261435169,636.9409346938277,596.6043901487819,-1.5206710938286117,0.06543436444445669,0
