date,close,trade_value,ret_pct,amplitude_pct,tv_z60,tv_p60,tv_z252,tv_p252,close_z60,close_p60,close_z252,close_p252,amp_z60,amp_p60,amp_z252,amp_p252
2024-12-11,,339359773405,,,,,,,,,,,,,,
2024-12-12,,361573943620,,,,,,,,,,,,,,
2024-12-13,,355185043778,,,,,,,,,,,,,,
2024-12-16,,422293280364,,,,,,,,,,,,,,
2024-12-17,,410745816406,,,,,,,,,,,,,,
2024-12-18,,411463787574,,,,,,,,,,,,,,
2024-12-19,,422126123640,,,,,,,,,,,,,,
2024-12-20,,479604508208,,,,,,,,,,,,,,
2024-12-23,,361211114769,,,,,,,,,,,,,,
2024-12-24,,347257591668,,,,,,,,,,,,,,
2024-12-25,,310444641888,,,,,,,,,,,,,,
2024-12-26,,306847345495,,,,,,,,,,,,,,
2024-12-27,,292616349470,,,,,,,,,,,,,,
2024-12-30,,274794064764,,,,,,,,,,,,,,
2024-12-31,,273480515893,,,,,,,,,,,,,,
2025-01-02,22832.06,379129283886,,,,,,,,,,,,,,
2025-01-03,22908.3,337042271244,0.3339164315440568,0.8175784401407418,,,,,,,,,,,,
2025-01-06,23547.71,423854591358,2.7911717587075335,1.8399444742735165,,,,,,,,,,,,
2025-01-07,23651.27,439064706443,0.4397879878765387,1.2429234095374893,,,,,,,,,,,,
2025-01-08,23407.33,371279269125,-1.0314033876404838,1.1950732455381796,,,,,,,,,,,,
2025-01-09,23081.13,393066234237,-1.3935805578850768,1.635513319972838,,,,,,,,,,,,
2025-01-10,23011.86,342751185595,-0.30011528898281625,0.9210120994942697,,,,,,,,,,,,
2025-01-13,22488.33,461468820203,-2.275044259786041,2.659932747722255,,,,,,,,,,,,
2025-01-14,22797.52,281221487413,1.3748908878516097,1.132098292758956,,,,,,,,,,,,
2025-01-15,22514.57,301546910953,-1.2411437735332598,1.1742066680937167,,,,,,,,,,,,
2025-01-16,23025.1,342212868225,2.2675538551258034,1.4664725997431807,,,,,,,,,,,,
2025-01-17,23148.08,328202713193,0.5341127725829731,1.3218183634381704,,,,,,,,,,,,
2025-01-20,23266.82,279923971725,0.5129583101492585,0.735309364750766,,,,,,,,,,,,
2025-01-21,23300.01,262317819587,0.14264948970250657,0.8751518256469899,,,,,,,,,,,,
2025-01-22,23525.41,357689238684,0.9673815590637069,0.7270812330123614,,,,,,,,,,,,
2025-02-03,22694.71,525040931202,-3.5310755476737787,1.2518804135613297,,,,,,,,,,,,
2025-02-04,22793.96,422445543425,0.4373265840365459,0.9415850654183391,,,,,,,,,,,,
2025-02-05,23161.58,358769679873,1.612795670431999,1.4606939733157414,,,,,,,,,,,,
2025-02-06,23316.6,341201513147,0.6692980357989153,0.568916282913328,,,,,,,,,,,,
2025-02-07,23478.27,362285982102,0.6933686729626132,0.9611178302153924,,,,,,,,,,,,
2025-02-10,23252.14,334793847718,-0.9631459217395499,1.2109495290751888,,,,,,,,,,,,
2025-02-11,23384.05,355049928998,0.5673026224682909,0.8418579967263229,,,,,,,,,,,,
2025-02-12,23289.75,378582968874,-0.40326632897209613,1.02146548608988,,,,,,,,,,,,
2025-02-13,23399.41,386860774177,0.4708509108084069,0.8873002071726739,,,,,,,,,,,,
2025-02-14,23152.61,415069809659,-1.0547274482561764,0.5696297470748232,,,,,,,,,,,,
2025-02-17,23505.33,371896633006,1.5234567506644092,1.1568458156553414,,,,,,,,,,,,
2025-02-18,23666.11,339491493248,0.6840150723261385,0.9020081828249186,,,,,,,,,,,,
2025-02-19,23604.08,389633272203,-0.26210475654849796,0.5597455602124621,,,,,,,,,,,,
2025-02-20,23487.46,391059983367,-0.4940671273779951,0.7454643434524841,,,,,,,,,,,,
2025-02-21,23730.25,400289543940,1.0337005363713292,1.0395334361399806,,,,,,,,,,,,
2025-02-24,23565.31,373514736958,-0.695062209626951,0.6059354621211359,,,,,,,,,,,,
2025-02-25,23285.72,412097170896,-1.18644736691349,0.7082020138924521,,,,,,,,,,,,
2025-02-26,23402.55,383306082091,0.5017238032579474,1.1819260903248907,,,,,,,,,,,,
2025-02-27,23053.18,549961479162,-1.492871503319082,1.856848933129079,,,,,,,,,,,,
2025-03-03,22756.25,439596984655,-1.288021869434064,0.7110515772661381,,,,,,,,,,,,
2025-03-04,22596.88,415745130742,-0.7003350727821989,1.5004229607250699,,,,,,,,,,,,
2025-03-05,22871.9,369732472552,1.2170706752436589,0.8456034638410175,,,,,,,,,,,,
2025-03-06,22715.43,360345720860,-0.6841145685317018,1.156615759949986,,,,,,,,,,,,
2025-03-07,22576.07,367291980202,-0.6135036844999164,0.90260232802108,,,,,,,,,,,,
2025-03-10,22459.15,354962067264,-0.5178935040509591,1.035078293077583,,,,,,,,,,,,
2025-03-11,22071.09,428932802487,-1.727848115356112,1.6510865282078784,,,,,,,,,,,,
2025-03-12,22278.36,350646223635,0.9391017842798055,1.0776993795956638,,,,,,,,,,,,
2025-03-13,21961.68,378659811240,-1.4214690847979883,2.6516763352419117,,,,,,,,,,,,
2025-03-14,21968.05,348283533120,0.02900506700762584,0.8110945974989044,,,,,,,,,,,,
2025-03-17,22118.63,310401135708,0.6854500058038893,0.8956188646693721,-1.0794662111586981,14.166666666666666,,,,,,,,,,
2025-03-18,22271.67,282886860039,0.6919054209053588,0.6360249255943984,-1.5228936135104956,9.166666666666666,,,,,,,,,,
2025-03-19,21960.83,316992611689,-1.3956744150752765,1.3693180619145362,-0.9107808815370855,19.166666666666668,,,,,,,,,,
2025-03-20,22377.26,278247603930,1.896239805143951,0.9392176889489077,-1.5273051890487768,5.833333333333333,,,,,,,,,,
2025-03-21,22209.1,333354118714,-0.7514771692334055,0.7450420650249457,-0.5717331407133616,24.166666666666668,,,,,,,,,,
2025-03-24,22106.64,251044538014,-0.46134242270060577,1.2341337559829086,-1.876444965075124,0.8333333333333334,,,,,,,,,,
2025-03-25,22273.19,256973561881,0.7533935505350309,0.838390637383158,-1.7012840388609414,2.5,,,,,,,,,,
2025-03-26,22260.29,223198487361,-0.057917164088294726,0.7283644596934681,-2.127398128151369,0.8333333333333334,,,,,,,,,,
2025-03-27,21951.76,279802802176,-1.3860106943800021,0.780762514774063,-1.207575864994396,12.5,,,,,,,,,,
2025-03-28,21602.89,327112874385,-1.5892575356144523,1.4172439931923482,-0.43902362127313393,29.166666666666668,,,,,,,,,,
2025-03-31,20695.9,437475392711,-4.19846603857168,2.5863669166486503,1.285877332752948,90.83333333333333,,,,,,,,,,
2025-04-01,21280.17,278254400622,2.823119555080944,2.0824897685048804,-1.2096703739865275,12.5,,,,,,,,,,
2025-04-02,21298.22,240146859369,0.08482075096205577,0.7261690108678589,-1.750601827939391,2.5,,,,,,,,,,
2025-04-07,19232.35,166095041450,-9.699730775623516,4.4207919722868825,-2.6925563607364804,0.8333333333333334,,,,,,,,,,
2025-04-08,18459.95,577950957444,-4.016149872480468,4.596370178371346,2.973652551557548,99.16666666666667,,,,,,,,,,
2025-04-09,17391.76,590040522967,-5.786527049098201,5.766808685830672,2.8740867409442346,99.16666666666667,,,-4.37558929760513,0.8333333333333334,,,,,,
2025-04-10,19000.03,208504485334,9.247310220472226,4.415884303831239,-1.855498432997182,2.5,,,-2.762570587151092,4.166666666666667,,,2.9166165653995155,94.16666666666667,,
2025-04-11,19528.77,527108374659,2.7828377113088942,5.845096034058892,1.9493687918642877,94.16666666666667,,,-2.2051683524046846,7.5,,,3.6979974121813797,99.16666666666667,,
2025-04-14,19513.09,474947203845,-0.08029179513098228,2.6355986577751733,1.306500463744887,90.83333333333333,,,-2.096456304391775,7.5,,,0.9714780374032007,87.5,,
2025-04-15,19857.67,305561723714,1.7658915118005325,1.6362349581742246,-0.6600329943647735,24.166666666666668,,,-1.7625336085663714,10.833333333333334,,,0.1287583647039186,79.16666666666667,,
2025-04-16,19468.0,296550497546,-1.9623148133693369,1.4299260688691109,-0.7480830482694586,22.5,,,-1.9412226094113156,7.5,,,-0.04741789890246387,70.83333333333333,,
2025-04-17,19338.73,257584164735,-0.6640127388535033,1.4461167043353136,-1.1665646541989978,10.833333333333334,,,-1.9299242410780046,7.5,,,-0.031202314297840053,72.5,,
2025-04-18,19395.03,201639077744,0.2911256323450351,0.6356673887064987,-1.7426723846002428,2.5,,,-1.803856546095689,9.166666666666666,,,-0.7050721958022476,7.5,,
2025-04-21,19106.2,213646250942,-1.4891959434968571,1.4403690017494202,-1.54704193154178,5.833333333333333,,,-1.898049067274658,5.833333333333333,,,-0.015082074912738087,72.5,,
2025-04-22,18793.43,250003984052,-1.6370078822581124,1.3933696915137554,-1.1270883071530082,10.833333333333334,,,-1.9895973539275673,4.166666666666667,,,-0.05843396645814038,67.5,,
2025-04-23,19639.14,275548700667,4.500030063697791,2.530299152416556,-0.8345248961457208,19.166666666666668,,,-1.411222611105572,19.166666666666668,,,0.8767346772238891,85.83333333333333,,
2025-04-24,19478.81,248994902573,-0.8163799433172692,1.6254275900064932,-1.1010449667445257,10.833333333333334,,,-1.4518853041262947,15.833333333333334,,,0.11539761121013793,77.5,,
2025-04-25,19872.73,298510240543,2.0223001302440924,0.7753553733518569,-0.5496155343650758,32.5,,,-1.173547791286673,24.166666666666668,,,-0.5883772645370661,24.166666666666668,,
2025-04-28,20034.41,222995069262,0.8135771985026796,0.5116559224625922,-1.3534543648913497,7.5,,,-1.0414410641980338,25.833333333333332,,,-0.8040523184477094,0.8333333333333334,,
2025-04-29,20232.63,250105465896,0.9893977411862931,1.1247149279664426,-1.0545071991776331,15.833333333333334,,,-0.8928958630795019,27.5,,,-0.2962563271886295,52.5,,
2025-04-30,20235.03,282189467291,0.01186202683485238,0.7244732889396885,-0.690456025146581,29.166666666666668,,,-0.861752093774491,29.166666666666668,,,-0.6307220494066483,15.833333333333334,,
2025-05-02,20787.64,339534825350,2.730957156969871,1.2530744950711596,-0.03936957832200613,47.5,,,-0.5123504199105611,32.5,,,-0.1889517383391493,62.5,,
2025-05-05,20532.99,396674099865,-1.2250067828767364,2.716710506820407,0.6047856665346827,79.16666666666667,,,-0.6427197359502426,30.833333333333332,,,1.0026627509162815,90.83333333333333,,
2025-05-06,20522.59,314921423075,-0.05065019756013145,1.3358502585351535,-0.3018419972669472,39.166666666666664,,,-0.6251505610496726,30.833333333333332,,,-0.14175686562539144,62.5,,
2025-05-07,20546.49,276452299522,0.1164570358809458,1.3022235497566341,-0.7169507261638783,24.166666666666668,,,-0.586843745824338,34.166666666666664,,,-0.1806870275403953,60.833333333333336,,
2025-05-08,20543.4,255842394901,-0.015039065066591029,0.9922862737138916,-0.9204997946373176,19.166666666666668,,,-0.5643739643449306,34.166666666666664,,,-0.439685302450109,40.833333333333336,,
2025-05-09,20915.04,303145142635,1.8090481614533083,1.3214949813565404,-0.3908794426121284,39.166666666666664,,,-0.31611291506753003,40.833333333333336,,,-0.16667191541501208,60.833333333333336,,
2025-05-12,21129.54,286880121757,1.0255777660477916,0.856704075153575,-0.5567180019642065,35.833333333333336,,,-0.16242047658030065,42.5,,,-0.5547673421873057,30.833333333333332,,
2025-05-13,21330.14,414876050071,0.9493817660015225,1.4015449460802243,0.8437846428223551,82.5,,,-0.016777311335251618,47.5,,,-0.10552790218156038,65.83333333333333,,
2025-05-14,21782.87,435325777480,2.1224895851597703,1.0803960967907418,1.0519391739204655,87.5,,,0.29073157160722707,50.833333333333336,,,-0.377050717240387,45.833333333333336,,
2025-05-15,21730.25,352701130386,-0.24156596444820932,0.6734190673680681,0.16374185879497036,59.166666666666664,,,0.2752154174804658,50.833333333333336,,,-0.7198036862781347,9.166666666666666,,
2025-05-16,21843.69,349825446057,0.5220372522175332,0.7208844813106221,0.13639652360463642,57.5,,,0.37282654401044596,54.166666666666664,,,-0.6719412367826114,14.166666666666666,,
2025-05-19,21523.83,336411887107,-1.4643130350229128,1.325966446145331,-0.01020399006215421,52.5,,,0.18941377722911262,49.166666666666664,,,-0.17289202207167548,59.166666666666664,,
2025-05-20,21526.03,281060270227,0.010221229214302241,1.0660742070533114,-0.5974879696020461,32.5,,,0.21887944011671365,50.833333333333336,,,-0.3991461038102454,42.5,,
2025-05-21,21803.91,304825349622,1.2909022239586232,1.2805891286038338,-0.3217828147855226,44.166666666666664,,,0.43794858055832214,57.5,,,-0.22712283351744758,54.166666666666664,,
2025-05-22,21670.96,303639249474,-0.6097530213617697,0.681116368577922,-0.31827264307273656,44.166666666666664,,,0.37870452617711614,54.166666666666664,,,-0.7254776662945163,9.166666666666666,,
2025-05-23,21652.24,313775509301,-0.08638288289950502,1.1033198344697337,-0.19572138266648245,50.833333333333336,,,0.39807115820365646,54.166666666666664,,,-0.37900223237068836,44.166666666666664,,
2025-05-26,21536.57,303248571571,-0.5342172449594229,0.701451674284051,-0.293761377018749,44.166666666666664,,,0.34132906355766957,52.5,,,-0.7181310250815034,9.166666666666666,,
2025-05-27,21336.54,319554934321,-0.9287922821507699,1.153712034924787,-0.10097789085433037,57.5,,,0.2220350431442099,49.166666666666664,,,-0.33590116920845614,47.5,,
2025-05-28,21357.72,332260752364,0.09926632902992338,1.5402684783943386,0.08566984304022499,60.833333333333336,,,0.2656889283133383,50.833333333333336,,,-0.005168798612416779,75.83333333333333,,
2025-05-29,21347.3,480476847321,-0.04878797924123823,1.2078068258222279,1.7997769813597013,94.16666666666667,,,0.2803470131542378,50.833333333333336,,,-0.2939685559223859,49.166666666666664,,
2025-06-02,21002.71,357964491699,-1.6142088226614115,1.476158577431333,0.3898377047219019,75.83333333333333,,,0.025182949918550565,42.5,,,-0.06619351999720077,74.16666666666667,,
2025-06-03,21126.93,356029228852,0.5914474846341333,0.9169292915057062,0.37027815293976024,75.83333333333333,,,0.15323059843079212,44.166666666666664,,,-0.5414562731348367,30.833333333333332,,
2025-06-04,21618.09,416698575220,2.324805355061055,1.3094661647480323,1.0624596289948776,85.83333333333333,,,0.5862372495953829,64.16666666666667,,,-0.2108772237975395,55.833333333333336,,
2025-06-05,21674.43,370407613418,0.26061506821370983,0.5189635162033218,0.5229229439053447,79.16666666666667,,,0.6551052291459015,69.16666666666667,,,-0.8727977597738587,2.5,,
2025-06-06,21660.66,306326887550,-0.06353108247829642,0.44181092651570725,-0.2133735358292542,50.833333333333336,,,0.6622305793110538,67.5,,,-0.9243882317251612,0.8333333333333334,,
2025-06-09,21790.29,307755303958,0.5984582187246401,0.68672884390411,-0.1753894745839194,52.5,,,0.7814146664584886,75.83333333333333,,,-0.7021439371046959,12.5,,
2025-06-10,22242.14,402770551130,2.0736300434734956,1.7146169234094586,0.9283754731566001,84.16666666666667,,,1.1754810342977497,92.5,,,0.14942780863468538,80.83333333333333,,
2025-06-11,22470.1,411974082607,1.0249013808923069,0.7890427809554297,1.0240994391215557,84.16666666666667,,,1.3549793938948207,99.16666666666667,,,-0.6026415258952136,27.5,,
2025-06-12,22287.82,350086370163,-0.8112113430736811,0.6076074427795107,0.30280904529801606,72.5,,,1.1873887467925786,95.83333333333333,,,-0.7510298064464677,5.833333333333333,,
2025-06-13,22072.95,374682954150,-0.9640691642340937,1.093197988856684,0.5753221144333351,79.16666666666667,,,1.0042616805091804,84.16666666666667,,,-0.3463707421356964,42.5,,
2025-06-16,22049.9,298283417109,-0.1044264586292254,0.7168049581048185,-0.31559177631902885,39.166666666666664,,,0.9910448258759762,84.16666666666667,,,-0.6645246443120126,15.833333333333334,,
2025-06-17,22211.59,374245537952,0.7332913074435732,0.9670338640991548,0.555431161103343,77.5,,,1.122695090932993,89.16666666666667,,,-0.4475952667666177,37.5,,
2025-06-18,22356.73,394797009579,0.653442639630919,1.1956370525477902,0.7694829948950126,79.16666666666667,,,1.2480994446281337,97.5,,,-0.2594543920234898,49.166666666666664,,
2025-06-19,22003.5,337907299094,-1.5799716684864018,1.2361378430566572,0.11015534462817901,62.5,,,0.9504680619593208,82.5,,,-0.23296654489132104,52.5,,
2025-06-20,22045.74,463891770965,0.1919694594041843,1.4085486399890939,1.5077005551473994,90.83333333333333,,,0.9886207281158383,84.16666666666667,,,-0.0899690534671602,67.5,,
2025-06-23,21732.02,314404805401,-1.4230413676293074,1.132826568761121,-0.21249630366195502,50.833333333333336,,,0.7312611870118095,74.16666666666667,,,-0.32747803317281504,44.166666666666664,,
2025-06-24,22188.76,401630916668,2.1016914212300453,0.9183223648791033,0.7624353262490884,79.16666666666667,,,1.1305711321123797,90.83333333333333,,,-0.5123825742293849,30.833333333333332,,
2025-06-25,22430.61,401074986062,1.0899662712112068,0.7210407431510277,0.7318493835059579,77.5,,,1.323713081629792,97.5,,,-0.6782802314251923,19.166666666666668,,
2025-06-26,22492.34,399984776279,0.2752042855722614,0.8755892060001838,0.7022939986920743,75.83333333333333,,,1.3473010383330746,99.16666666666667,,,-0.5385013497947743,29.166666666666668,,
2025-06-27,22580.08,374841846059,0.39008835897020866,0.8513565062594715,0.4283408407130604,72.5,,,1.3732501840527118,99.16666666666667,,,-0.5369891988328799,27.5,,
2025-06-30,22256.02,365764595737,-1.4351587771168295,1.3415807207060395,0.30666858230871186,65.83333333333333,,,1.0776465886518944,89.16666666666667,,,-0.11080955359475123,67.5,,
2025-07-01,22553.72,421991169974,1.3376156204029321,1.4790604968902645,0.9320654131334293,87.5,,,1.2900439101619647,97.5,,,-0.004605305028328,79.16666666666667,,
2025-07-02,22577.74,304435099272,0.10650127783797814,0.8046566154053664,-0.4914373435781207,34.166666666666664,,,1.2689546125670392,97.5,,,-0.5576416313796895,25.833333333333332,,
2025-07-03,22712.97,383825214993,0.5989527738383016,0.5108571539932701,0.5507003350458397,72.5,,,1.3538935282234252,99.16666666666667,,,-0.8149010387431808,2.5,,
2025-07-04,22547.5,331133814557,-0.7285264762820542,1.5047789875124162,-0.0887932183618651,49.166666666666664,,,1.2344250867185496,92.5,,,0.254225704547086,84.16666666666667,,
2025-07-07,22428.72,269071472316,-0.5267989799312534,1.1371105444062508,-1.017755779095393,14.166666666666666,,,1.100917059209329,85.83333333333333,,,-0.12241888488935625,50.833333333333336,,
2025-07-08,22362.27,282705631857,-0.2962719227847188,0.8256824286004834,-0.8078419904073754,22.5,,,1.0084580629375461,84.16666666666667,,,-0.68182973812664,29.166666666666668,,
2025-07-09,22527.01,322528415208,0.7366872862191398,1.4126920030927086,-0.15005823514031966,50.833333333333336,,,1.1324900187873095,90.83333333333333,,,0.6646361846259822,79.16666666666667,,
2025-07-10,22693.25,327393549950,0.7379585661834387,0.8254091421808857,-0.0765236174824205,50.833333333333336,,,1.2520233349545615,97.5,,,-0.672760051328338,29.166666666666668,,
2025-07-11,22751.03,337982404672,0.2546131558943676,0.7405726372379349,0.08591728809200792,57.5,,,1.275464988919758,99.16666666666667,,,-0.84326157653153,24.166666666666668,,
2025-07-14,22614.97,281512623505,-0.5980388580209217,0.9211451085950821,-0.8544444237436386,19.166666666666668,,,1.1183184073259078,94.16666666666667,,,-0.4024522450802898,42.5,,
2025-07-15,22835.94,319870598000,0.977096144721834,1.3264222769254221,-0.2629998509692209,45.833333333333336,,,1.3154500653528363,99.16666666666667,,,0.5256050270547331,74.16666666666667,,
2025-07-16,23042.9,391295025263,0.9062906979086627,0.8027258785931357,0.9463821673203583,77.5,,,1.5176337100696151,99.16666666666667,,,-0.6885149471224874,27.5,,
2025-07-17,23113.28,343559779087,0.30543030608125576,1.0249143987952987,0.07114721708757087,57.5,,,1.6137075684731241,99.16666666666667,,,-0.14849068984140762,47.5,,
2025-07-18,23383.13,381297826285,1.1675106259258827,0.8315133118276536,0.729855059439569,74.16666666666667,,,1.8844187356122875,99.16666666666667,,,-0.6027797878846372,34.166666666666664,,
2025-07-21,23340.56,316345580296,-0.18205432720085346,0.6844250534466553,-0.49007915670064606,37.5,,,1.82207634932024,97.5,,,-0.961922786511503,12.5,,
2025-07-22,22987.92,449009636028,-1.5108463550146278,2.1429648645962236,1.8967952888056407,95.83333333333333,,,1.3797724136189304,92.5,,,2.7117085014287783,97.5,,
2025-07-23,23318.67,360908872117,1.4387991606026107,1.1097132754942534,0.25858598030146185,62.5,,,1.7573132494752617,95.83333333333333,,,0.08598699435617176,55.833333333333336,,
2025-07-24,23373.73,348331144582,0.2361198130082176,0.6852020291037132,-0.012587298570534793,52.5,,,1.7843165499283675,97.5,,,-0.9745433597970772,12.5,,
2025-07-25,23364.38,302559239716,-0.04000217338010481,0.7577310082729654,-0.9246443078764668,14.166666666666666,,,1.7372322766311172,95.83333333333333,,,-0.7926247295746506,24.166666666666668,,
2025-07-28,23412.98,323398574763,0.20800894352857036,0.914682949001853,-0.5062358173850832,39.166666666666664,,,1.7382312874313286,99.16666666666667,,,-0.37932035566470423,40.833333333333336,,
2025-07-29,23201.52,390574563588,-0.9031742221622285,1.3987967358277331,0.8233244800892058,75.83333333333333,,,1.4300147780056645,89.16666666666667,,,1.0753658016249072,84.16666666666667,,
2025-07-30,23461.72,336226659269,1.1214782479768592,0.8494271064999264,-0.25931078798894025,44.166666666666664,,,1.7346186175710538,99.16666666666667,,,-0.5571261493309857,35.833333333333336,,
2025-07-31,23542.52,412096428336,0.3443907778287292,0.7530138455322196,1.2077679831884764,87.5,,,1.8017335430509995,99.16666666666667,,,-0.8209132489669199,24.166666666666668,,
2025-08-01,23434.38,404788588802,-0.4593391021861737,1.3419973732633494,1.035719154919154,84.16666666666667,,,1.6265304460494843,95.83333333333333,,,0.9354836601256583,82.5,,
2025-08-04,23378.94,339596557905,-0.23657549292962488,0.9698997797253318,-0.30975547135068643,45.833333333333336,,,1.5092842032268021,90.83333333333333,,,-0.1648186801944695,52.5,,
2025-08-05,23660.59,380074357026,1.2047167236838074,0.7418642590297023,0.4986060664633377,67.5,,,1.8392433845683147,99.16666666666667,,,-0.844505825789248,24.166666666666668,,
2025-08-06,23447.36,361183155977,-0.9012032244335444,0.5239091671002404,0.12433214600968977,59.166666666666664,,,1.4873090615349112,94.16666666666667,,,-1.4462342762395966,5.833333333333333,,
2025-08-07,24003.77,467380441728,2.3730176872790887,1.4210128560315631,2.30719202044544,97.5,,,2.143964670059668,99.16666666666667,,,1.2027933593953284,89.16666666666667,,
2025-08-08,24021.26,432109965420,0.07286355434998892,0.681018023418811,1.519666828987777,92.5,,,2.054486553659075,99.16666666666667,,,-0.9826282561127253,9.166666666666666,,
2025-08-11,24135.5,437210225957,0.47557871652028627,1.5061657881393369,1.5606072714915473,92.5,,,2.0859854217487728,99.16666666666667,,,1.4008676223463576,94.16666666666667,,
2025-08-12,24158.36,430747663190,0.09471525346480547,0.8223985415673922,1.3805190864674421,89.16666666666667,,,2.0140630488901787,99.16666666666667,,,-0.5750056559835613,34.166666666666664,,
2025-08-13,24370.02,573873489672,0.8761356317233515,0.9717133116651958,3.665516063485264,99.16666666666667,,,2.160163293949602,99.16666666666667,,,-0.1324089012663781,55.833333333333336,,
2025-08-14,24238.1,486603622585,-0.5413208524244206,0.7822316108070382,2.02593826140306,97.5,,,1.904320819046077,97.5,,,-0.6647512820437378,29.166666666666668,,
2025-08-15,24334.48,454217776031,0.3976384287547319,0.9123239857909696,1.4194250280801997,90.83333333333333,,,1.9250146542638373,97.5,,,-0.29606299306712947,45.833333333333336,,
2025-08-18,24482.52,457868280041,0.6083548939611605,1.0616622997491716,1.4268583743201553,90.83333333333333,,,1.9966474135066987,99.16666666666667,,,0.1478545050582506,60.833333333333336,,
2025-08-19,24353.5,477889208524,-0.5269882348712507,0.9277231265408846,1.6922926178718583,94.16666666666667,,,1.7756166735797274,95.83333333333333,,,-0.2614446359466423,52.5,,
2025-08-20,23625.44,572237896405,-2.989549756708487,2.8292853183320625,2.9634898309267297,97.5,,,0.9278397006770875,82.5,,,4.378088182321596,99.16666666666667,,
2025-08-21,23962.13,420673855060,1.4251163152940283,1.149904509714944,0.6035777909473059,75.83333333333333,,,1.2755610461416103,84.16666666666667,,,0.28040138586122165,69.16666666666667,,
2025-08-22,23764.47,369732364563,-0.8248849330172225,1.2819394603067436,-0.15809876725312796,45.833333333333336,,,1.0187033333665516,82.5,,,0.6039969819134735,74.16666666666667,,
2025-08-25,24277.38,431825644540,2.158306076255845,1.0657506773767749,0.7976794101301576,80.83333333333333,,,1.5912553659714976,92.5,,,0.08622502556178614,62.5,,
2025-08-26,24305.1,532063118603,0.11418036048369551,1.1096337413674762,2.2276109687934476,95.83333333333333,,,1.593111797030357,92.5,,,0.18807099506129693,64.16666666666667,,
2025-08-27,24519.9,467302614203,0.8837651357122667,0.5340442952302162,1.227656767968434,89.16666666666667,,,1.7917261746193374,99.16666666666667,,,-1.210070526432472,7.5,,
2025-08-28,24236.45,449197099212,-1.1559998205539213,1.0845068699301312,0.9322250466400596,82.5,,,1.404065953828065,85.83333333333333,,,0.1345556448963438,62.5,,
2025-08-29,24233.1,478348167874,-0.013822156297649268,1.3906739642150683,1.3164971731156332,92.5,,,1.3623074054783288,84.16666666666667,,,0.8756106218039962,82.5,,
2025-09-01,24071.73,522538354934,-0.6659073746239641,1.7637858961503148,1.879269105159248,94.16666666666667,,,1.1293330607461969,79.16666666666667,,,1.7459091689658863,95.83333333333333,,
2025-09-02,24016.78,420249878093,-0.22827607321950216,1.681225238069707,0.3960149042338016,65.83333333333333,,,1.0256983830218012,75.83333333333333,,,1.5444900222362075,94.16666666666667,,
2025-09-03,24100.3,375154827165,0.3477568599953962,0.740065903922166,-0.24626496727609354,45.833333333333336,,,1.0938643154637215,79.16666666666667,,,-0.8081251424948823,15.833333333333334,,
2025-09-04,24179.85,450547881333,0.3300788786861464,0.9177894051111344,0.8161993616560685,79.16666666666667,,,1.1553067872662104,82.5,,,-0.38059705715127606,42.5,,
2025-09-05,24494.58,426569974111,1.3016209777976462,1.0352421541076695,0.4578479742690384,67.5,,,1.5017697935996022,97.5,,,-0.08168197722961042,55.833333333333336,,
2025-09-08,24547.38,443185374596,0.21555789076603826,0.7453893881830107,0.6706684967912928,74.16666666666667,,,1.5186212179060703,99.16666666666667,,,-0.8153489925898274,17.5,,
2025-09-09,24855.18,512534389842,1.253901638382593,0.9353747731937199,1.6124859177375017,92.5,,,1.831054357341452,99.16666666666667,,,-0.33384289285709856,49.166666666666664,,
2025-09-10,25192.59,540470187649,1.3575037477097318,0.9629783409333528,1.913997781171926,95.83333333333333,,,2.1376566404898285,99.16666666666667,,,-0.2544158060445352,50.833333333333336,,
2025-09-11,25215.71,609494103234,0.0917730173832787,1.458008088886445,2.650203018347365,99.16666666666667,,,2.0768292953716414,99.16666666666667,,,0.9804854363488613,87.5,,
2025-09-12,25474.64,495051339127,1.0268598425346775,0.5654411476020231,1.1425522477805827,87.5,,,2.275030274355024,99.16666666666667,,,-1.2166839151054873,5.833333333333333,,
2025-09-15,25357.16,407891369036,-0.46116451498431354,0.9255086627328215,-0.00798214994476612,52.5,,,2.0708836288361954,97.5,,,-0.30997189408431913,49.166666666666664,,
2025-09-16,25629.64,455107630117,1.074568287615807,1.2988441923306955,0.5984128427147659,75.83333333333333,,,2.276539028636206,99.16666666666667,,,0.6034858946366779,74.16666666666667,,
2025-09-17,25438.25,439687060953,-0.7467525880191839,0.8158912883676891,0.38768583487448205,65.83333333333333,,,1.9645647010293088,95.83333333333333,,,-0.6033450536224063,27.5,,
2025-09-18,25769.36,467374300986,1.301622556583104,1.1561722995882209,0.7317525371444722,79.16666666666667,,,2.2197916523354553,99.16666666666667,,,0.23403316774407795,70.83333333333333,,
2025-09-19,25578.37,619694769912,-0.7411515070610997,1.1084481725584159,2.518927583431606,99.16666666666667,,,1.9188965353715617,95.83333333333333,,,0.10437979159566238,62.5,,
2025-09-22,25880.6,482061403631,1.181584283908621,1.1263032007121647,0.7975831514938992,82.5,,,2.1496270857697732,99.16666666666667,,,0.1586581489184173,67.5,,
2025-09-23,26247.37,547004847440,1.4171618896007043,1.0262899623656352,1.5384991247337572,92.5,,,2.395958751023808,99.16666666666667,,,-0.07437083464227373,55.833333333333336,,
2025-09-24,26196.73,515187636594,-0.19293361582513047,1.3279806700633157,1.1194126861428364,85.83333333333333,,,2.2214064544583016,97.5,,,0.6684044262511074,79.16666666666667,,
2025-09-25,26023.85,503204151623,-0.6599296935151822,0.8550685524491034,0.9447272293078327,82.5,,,1.9534652075751673,95.83333333333333,,,-0.5529816514106882,34.166666666666664,,
2025-09-26,25580.32,500052396638,-1.7043212284116205,2.033672957690726,0.8766565686970401,80.83333333333333,,,1.463808776575522,89.16666666666667,,,2.3618448724791348,95.83333333333333,,
2025-09-30,25820.54,455296213373,0.9390812937445814,0.9285653971490538,0.3072288237914608,64.16666666666667,,,1.6477611036079258,92.5,,,-0.3629123399256907,45.833333333333336,,
2025-10-01,25982.91,468840061902,0.6288404502771794,1.327935047059438,0.4500060258730619,70.83333333333333,,,1.7517909769368831,94.16666666666667,,,0.6034744387849541,77.5,,
2025-10-02,26378.39,506683446386,1.5220773962577594,0.6140189840168051,0.9059272418292144,82.5,,,2.056740262213494,99.16666666666667,,,-1.1224168521000701,5.833333333333333,,
2025-10-03,26761.06,480095576070,1.450695057583129,1.3307483891170102,0.5359315630621593,72.5,,,2.3065229821789224,99.16666666666667,,,0.6192015781864216,80.83333333333333,,
2025-10-07,27211.95,575780610445,1.6848734691376155,1.0625139661881724,1.7254898790545778,95.83333333333333,,,2.5668494895533023,99.16666666666667,,,-0.05377910033367334,57.5,,
2025-10-08,27063.68,471275287964,-0.544870911492934,0.8321344115361035,0.33509420094373815,65.83333333333333,,,2.3080922533255466,97.5,,,-0.618691475172728,29.166666666666668,,
2025-10-09,27301.92,582670484489,0.8802941802445119,0.7761324402298552,1.7802557227854883,95.83333333333333,,,2.3812766841717825,99.16666666666667,,,-0.733187166559911,20.833333333333332,,
2025-10-13,26923.42,608460235868,-1.3863493849516795,1.8140848702215908,2.017864420654455,95.83333333333333,,,1.9578799754128666,94.16666666666667,,,1.7435737746572202,94.16666666666667,,
2025-10-14,26793.15,709086353790,-0.48385383431970297,2.760050543355928,3.045246335502474,99.16666666666667,,,1.7711024696690216,92.5,,,3.515581121147168,97.5,,
2025-10-15,27275.71,521429411299,1.801057359810243,1.8757033047625893,0.7193435442360794,79.16666666666667,,,2.0693750365228003,97.5,,,1.5555522973333404,92.5,,
2025-10-16,27647.87,565481652363,1.3644374426916794,1.4498614334878879,1.2289145155364387,85.83333333333333,,,2.24333698867475,99.16666666666667,,,0.6349616549898558,82.5,,
2025-10-17,27302.37,556452817043,-1.2496441859716545,0.7621563614122939,1.0832966772622212,84.16666666666667,,,1.886504381817779,97.5,,,-0.7965856326236078,19.166666666666668,,
2025-10-20,27688.63,498961206376,1.414748976004665,1.303256823491879,0.34849019270311965,65.83333333333333,,,2.0825935716086144,99.16666666666667,,,0.3788570965506529,70.83333333333333,,
2025-10-21,27752.41,528880140832,0.23034725806223566,0.8180253049717519,0.6975948689761727,77.5,,,2.0286434619513103,99.16666666666667,,,-0.6882699304246168,24.166666666666668,,
2025-10-22,27648.91,463157561102,-0.37294058425917376,0.8465571098149759,-0.18261681576487884,44.166666666666664,,,1.8660268506906337,95.83333333333333,,,-0.6304483958404304,27.5,,
2025-10-23,27532.26,434561455546,-0.4218972827500278,0.7782585280938753,-0.6078495187086183,27.5,,,1.7089971632429517,92.5,,,-0.7731172393572359,19.166666666666668,,
2025-10-27,27993.63,564293629882,1.675743291687648,0.7362272475997275,1.1392729531214478,84.16666666666667,,,1.9589778147573822,99.16666666666667,,,-0.838423265009476,9.166666666666666,,
2025-10-28,27949.11,555663566461,-0.15903618073112025,0.7227001285649675,0.9962386108678067,80.83333333333333,,,1.8451739204806374,97.5,,,-0.8604711789904498,9.166666666666666,,
2025-10-29,28294.74,594219629472,1.2366404511628515,0.9147339575392556,1.4843623885450032,92.5,,,1.9933797892531455,99.16666666666667,,,-0.44998994100262374,35.833333333333336,,
2025-10-30,28287.53,633558030252,-0.025481767989399273,1.4528495402325723,1.940684903834964,97.5,,,1.9033588448815881,97.5,,,0.71981186085571,84.16666666666667,,
2025-10-31,28233.35,576144513446,-0.1915331596643477,0.9064418137603385,1.1295346318183075,87.5,,,1.7935825429562244,95.83333333333333,,,-0.4682602512314418,34.166666666666664,,
2025-11-03,28334.59,581496914983,0.35858302326858826,1.2203298581287765,1.1710359395078336,87.5,,,1.7863220377910007,99.16666666666667,,,0.19890402123561898,67.5,,
2025-11-04,28116.56,604283395876,-0.7694835182015969,1.8387066832447605,1.4611313330475082,90.83333333333333,,,1.5838352055414682,92.5,,,1.4983324000919502,92.5,,
2025-11-05,27717.06,619346788683,-1.4208708319936703,1.5152636026597879,1.61001918305116,94.16666666666667,,,1.2719779564988403,85.83333333333333,,,0.7879531377438594,85.83333333333333,,
2025-11-06,27899.45,514272235406,0.6580423753457243,0.6560219590389388,0.09872893512477687,57.5,,,1.3463068869941361,87.5,,,-1.0788364053401394,5.833333333333333,,
2025-11-07,27651.41,486727226387,-0.8890497841355316,0.7063221676413023,-0.3105275550209541,45.833333333333336,,,1.1424013226114582,80.83333333333333,,,-0.9382428282311758,7.5,,
2025-11-10,27869.51,504213278890,0.7887482048835714,1.0718440759440513,-0.07631089452638434,52.5,,,1.2450287423346855,85.83333333333333,,,-0.15561944415221926,55.833333333333336,,
2025-11-11,27784.95,584494820328,-0.30341401768455567,1.445127668193664,1.0910061710053076,85.83333333333333,,,1.1493950860848752,84.16666666666667,,,0.6378935603193217,79.16666666666667,,
2025-11-12,27947.09,576091990790,0.5835533265310833,0.9783713845085205,0.9406170623952373,79.16666666666667,,,1.2159483984125656,87.5,,,-0.38400575109114027,44.166666666666664,,
2025-11-13,27903.56,674189961874,-0.155758613866408,0.8102095781707515,2.221610277171682,97.5,,,1.1483303312248898,85.83333333333333,,,-0.745106995433881,20.833333333333332,,
2025-11-14,27397.5,614575227909,-1.8136037122145066,1.5521675370454542,1.3408071831555564,90.83333333333333,,,0.7836660163637218,67.5,,,0.8457851480056238,85.83333333333333,,
2025-11-17,27447.31,547722102923,0.1818049092070506,1.0090701706360037,0.4029393805606085,64.16666666666667,,,0.7889311643177198,67.5,,,-0.33185519809078873,44.166666666666664,,
2025-11-18,26756.12,672757035089,-2.5182431356661317,2.0194328697420714,2.0405292890561055,95.83333333333333,,,0.29524889861814224,50.833333333333336,,,2.056996384026728,95.83333333333333,,
2025-11-19,26580.12,516180089038,-0.6577934319325851,1.2066398267013385,-0.07653052371270141,52.5,,,0.146321729584011,49.166666666666664,,,0.13426209576837878,62.5,,
2025-11-20,27426.36,592368253864,3.1837328048180513,1.1685425046990088,0.9356063160244488,80.83333333333333,,,0.7217040582781155,65.83333333333333,,,0.04876314274528785,62.5,,
2025-11-21,26434.94,581860848616,-3.6148435300929593,1.5532137695268404,0.7610005421820086,75.83333333333333,,,-0.026754943167763955,45.833333333333336,,,0.9324093307160662,85.83333333333333,,
2025-11-24,26504.24,749163116671,0.26215304441774556,1.0660133898544855,2.8546469419439666,99.16666666666667,,,-0.0025320996147986164,45.833333333333336,,,-0.20959130886068644,50.833333333333336,,
2025-11-25,26912.17,490750703418,1.539112232608808,1.2236155422679589,-0.5437360306437682,32.5,,,0.2827488188612158,52.5,,,0.1357734381381134,64.16666666666667,,
2025-11-26,27409.54,523531629362,1.8481229867379767,1.2870385405561968,-0.12960559718454745,52.5,,,0.6428558451989983,64.16666666666667,,,0.2791987381568421,64.16666666666667,,
2025-11-27,27554.53,506517208172,0.5289764074843939,0.8116517095872501,-0.3634466297326636,39.166666666666664,,,0.7331135351156095,69.16666666666667,,,-0.8306458088599309,20.833333333333332,,
2025-11-28,27626.48,489885964092,0.26111858921200604,0.8375392358352782,-0.5766734993052209,29.166666666666668,,,0.7692592945249681,69.16666666666667,,,-0.7419178262225603,27.5,,
2025-12-01,27342.53,493440574126,-1.0278182381541212,1.2832977635949367,-0.5549012457541729,30.833333333333332,,,0.5044898423222011,57.5,,,0.35406494469600064,67.5,,
2025-12-02,27564.27,486538825279,0.8109710403536141,0.9684180651900205,-0.6988152840739297,24.166666666666668,,,0.679243457611538,67.5,,,-0.4277968750582196,42.5,,
2025-12-03,27793.04,457284590648,0.8299512375985252,0.8780932707450524,-1.1134610615496614,12.5,,,0.8747667748918551,80.83333333333333,,,-0.6477979730721068,30.833333333333332,,
2025-12-04,27795.71,397985953488,0.009606721682842156,0.8764784276926834,-1.9191383690441726,0.8333333333333334,,,0.858901063477617,80.83333333333333,,,-0.643368369560886,30.833333333333332,,
2025-12-05,27980.89,457238821346,0.666217916361922,0.8720410451828697,-1.1022308243902028,10.833333333333334,,,1.0311519983207478,89.16666666666667,,,-0.6622067179432721,29.166666666666668,,
2025-12-08,28303.78,438297179091,1.153966153328212,0.9913551713330042,-1.3303705803015111,5.833333333333333,,,1.3494916508012806,97.5,,,-0.3711925886834452,45.833333333333336,,
2025-12-09,28182.6,524525111897,-0.42814069357520745,0.8231056063889741,-0.13930273754890365,54.166666666666664,,,1.1921245826006341,90.83333333333333,,,-0.7772816707031521,22.5,,
2025-12-10,28400.73,509141432257,0.7739882054885072,0.8030841725036076,-0.330775405777261,45.833333333333336,,,1.405466542461464,99.16666666666667,,,-0.7994468730476623,15.833333333333334,,
2025-12-11,28024.75,537128803314,-1.323839211175204,2.0556865967881874,0.048110115963690005,57.5,,,0.9538653022359627,85.83333333333333,,,2.1603030267453254,97.5,,
2025-12-12,28198.02,488652979581,0.6182749177066738,0.7162240519540805,-0.6600862019986674,27.5,,,1.1331253338015008,89.16666666666667,,,-1.0322451275866886,5.833333333333333,,
2025-12-15,27866.94,451740486315,-1.1741249917547436,1.542377798157466,-1.1837122527413704,7.5,,,0.7125599416408086,70.83333333333333,,,0.9179370344132204,84.16666666666667,,
2025-12-16,27536.66,547186167710,-1.1852036858011616,1.3815295113134116,0.1507396996850943,59.166666666666664,,,0.27513867734249503,49.166666666666664,,,0.5169562093288881,75.83333333333333,,
2025-12-17,27525.17,524829243071,-0.04172619337277084,1.1297303304031794,-0.18765009960647624,52.5,,,0.23050544805691275,45.833333333333336,,,-0.07928025352351102,57.5,,
2025-12-18,27468.53,460035955277,-0.20577529584739906,0.7944365102922099,-1.094947775561625,12.5,,,0.11871766744569756,44.166666666666664,,,-0.856907850873923,15.833333333333334,,
2025-12-19,27696.35,568327509178,0.8293854822227553,0.7198419427614058,0.4662786171786106,69.16666666666667,,,0.41079269433405424,60.833333333333336,,,-1.0080461153467153,7.5,,
2025-12-22,28149.64,504472490831,1.6366416513367232,0.6574512526018778,-0.45772478080448314,37.5,0.8776230939899378,79.56349206349206,1.0406516656465432,85.83333333333333,,,-1.127959392441799,4.166666666666667,,
2025-12-23,28310.47,431994260374,0.5713394558509499,0.4885675269736978,-1.4706000841460267,2.5,0.19165916331701635,60.11904761904762,1.2466633838095127,95.83333333333333,,,-1.4613839630765946,0.8333333333333334,,
2025-12-24,28371.98,439061668896,0.2172694413056231,0.7269042160020688,-1.3354033921785233,7.5,0.25546386220648404,62.5,1.3159907433254916,97.5,,,-0.9109656734751631,14.166666666666666,,
2025-12-26,28556.02,443994479984,0.6486681578092179,0.6575854064467821,-1.2382383024032058,9.166666666666666,0.2987734895441096,64.08730158730158,1.6177295649972288,99.16666666666667,,,-1.044552406613528,7.5,,
2025-12-29,28810.89,469061962836,0.8925263394548688,0.8624801355370982,-0.8931340175683898,20.833333333333332,0.5332034977975529,71.23015873015873,2.031497021613931,99.16666666666667,,,-0.5639245629668953,39.166666666666664,,
2025-12-30,28707.13,469871782250,-0.3601415992355639,0.9697374846802699,-0.8821850158503327,20.833333333333332,0.5383158664589598,71.23015873015873,1.8512784652698204,97.5,,,-0.3009202373533056,50.833333333333336,,
2025-12-31,28963.6,548425314258,0.893401743747968,1.1213590491282126,0.2123263996507094,60.833333333333336,1.269300686112685,87.89682539682539,2.235066854636947,99.16666666666667,,,0.033070182463435065,60.833333333333336,,
2026-01-02,29349.81,669781989470,1.3334323081384936,1.228024140645501,1.8296428380488252,92.5,2.3728834393673495,98.21428571428571,2.726908843352954,99.16666666666667,,,0.2888804965054354,70.83333333333333,,
2026-01-05,30105.04,800793653955,2.5732023478175714,1.9067244387612696,3.248875460586761,99.16666666666667,3.492279742291314,99.8015873015873,3.5207977632611964,99.16666666666667,,,1.8054429464307553,94.16666666666667,,
2026-01-06,30576.3,763236739665,1.5653857294326778,2.134692397020558,2.5782986932086422,97.5,3.079033188465652,99.4047619047619,3.6825028549820376,99.16666666666667,,,2.1919408715632316,97.5,,
2026-01-07,30435.47,881736707216,-0.46058548614449357,0.8637408711976222,3.496274985672816,99.16666666666667,3.985168697728031,99.8015873015873,3.1376614986238747,97.5,,,-0.617331424364039,35.833333333333336,,
2026-01-08,30360.55,759270755036,-0.24616015458279739,1.0682601582955709,2.102276679781355,94.16666666666667,2.8712981954086523,98.61111111111111,2.8041303606719366,95.83333333333333,,,-0.14010266995542936,55.833333333333336,,
2026-01-09,30288.96,704371387415,-0.2357994173359801,1.8936745217066115,1.54655700724559,90.83333333333333,2.369394524266465,97.42063492063492,2.543504004801419,94.16666666666667,,,1.9317068697904176,92.5,,
2026-01-12,30567.29,626408176303,0.9189156709243251,0.6909778348282704,0.7319459796495407,82.5,1.6968759144682528,95.43650793650794,2.6403083459820733,97.5,,,-1.0290766384571788,7.5,,
2026-01-13,30707.22,749179436618,0.4577769242873675,1.4542342484400703,1.8872303148548581,92.5,2.679371248758182,98.21428571428571,2.580428520338133,99.16666666666667,,,0.9087391798599896,82.5,,
2026-01-14,30941.78,681983353722,0.7638594441307323,0.821565742519194,1.1910266183238984,87.5,2.097245706760041,96.62698412698413,2.606500008537032,99.16666666666667,2.3916380752160777,99.8015873015873,-0.7014209244373852,29.166666666666668,,
2026-01-15,30810.58,671953720007,-0.42402214740069333,0.6898116397957789,1.058470128909396,82.5,1.9897844744472235,95.43650793650794,2.3233338491367697,97.5,2.3103316054310734,99.4047619047619,-1.004239997917617,7.5,-0.717560332266673,10.119047619047619
2026-01-16,31408.7,851452408675,1.9412812092469478,2.0466670864358933,2.5822979925679412,97.5,3.366024438113884,99.4047619047619,2.6425945808548468,99.16666666666667,2.4771492929565766,99.8015873015873,2.2762970400367455,95.83333333333333,1.1839634412279527,93.05555555555556
2026-01-19,31639.29,823428003269,0.7341596436656106,1.725190791086548,2.1947744594932614,95.83333333333333,3.069883279902424,99.0079365079365,2.622123677119617,99.16666666666667,2.513517446925011,99.8015873015873,1.4405451312878312,87.5,0.7332156131353128,89.08730158730158
2026-01-20,31759.99,799639371793,0.38148770089341255,1.3271157475404887,1.8965920117239945,92.5,2.8259323238223,98.21428571428571,2.5242864881307927,99.16666666666667,2.511653225451473,99.8015873015873,0.4695180711203314,72.5,0.17303194979541922,72.02380952380952
2026-01-21,31246.37,899309076186,-1.6171919449596839,1.7266378232486879,2.5544530718469183,99.16666666666667,3.492911942007068,99.8015873015873,2.020567054816306,94.16666666666667,2.3043955934384712,98.61111111111111,1.376146029757989,87.5,0.7309962392115328,89.08730158730158
2026-01-22,31746.08,814595841360,1.599257769782536,1.662561123100053,1.781065567348007,92.5,2.797886136584626,98.21428571428571,2.2423311686842773,97.5,2.430681620249945,99.4047619047619,1.182687819440644,84.16666666666667,0.6407925360412127,87.5
2026-01-23,31961.51,818428930073,0.6786034685227094,1.1002618276020133,1.73575605001994,92.5,2.7716718135159457,98.21428571428571,2.248599376281851,99.16666666666667,2.460495094252305,99.8015873015873,-0.1576595507679762,52.5,-0.1498980035643515,54.56349206349206
2026-01-26,32064.52,747339306040,0.32229390914260136,0.6473098423697736,1.1602286605044445,79.16666666666667,2.22158555305174,95.03968253968254,2.182687691124071,99.16666666666667,2.453497569646048,99.8015873015873,-1.1922648134818419,2.5,-0.7805082692733352,6.5476190476190474
2026-01-27,32317.92,817604546187,0.7902815947345987,1.0388117458174846,1.6282015463845558,90.83333333333333,2.6827464120044597,97.81746031746032,2.206848841115071,99.16666666666667,2.492607063060272,99.8015873015873,-0.2753631809555079,47.5,-0.2260711017771974,50.198412698412696
2026-01-28,32803.82,853922428449,1.5035002252620222,1.3059627599796069,1.8128295923436937,95.83333333333333,2.8838271482741824,99.0079365079365,2.345237359649526,99.16666666666667,2.599966567088746,99.8015873015873,0.35200936718924997,69.16666666666667,0.151114576949961,69.64285714285714
2026-01-29,32536.27,959652045839,-0.8156062312255075,1.59609460117754,2.408511047687369,99.16666666666667,3.5249250688957416,99.8015873015873,2.0679570234858016,97.5,2.4747211869902763,99.4047619047619,1.0598121684988102,84.16666666666667,0.5606199998046045,86.30952380952381
2026-01-30,32063.75,941320964545,-1.4522869400825589,1.6921423383811398,2.1552478366585865,97.5,3.31179687867093,99.4047619047619,1.7200012995204903,92.5,2.2940598743399967,98.21428571428571,1.2727748183718437,85.83333333333333,0.6937411793874102,88.2936507936508
2026-02-02,31624.03,771419543919,-1.3713929281509496,2.022564422439666,0.9994459815289211,79.16666666666667,2.1400496538580964,95.03968253968254,1.4202553972849912,84.16666666666667,2.1304553392479115,96.23015873015873,1.9599238139441997,94.16666666666667,1.1513080924745134,92.65873015873017
2026-02-03,32195.36,821574120123,1.8066324880162465,1.7586942587646228,1.2827515629333175,87.5,2.4392825072953706,97.02380952380952,1.660192478396214,94.16666666666667,2.2701487826986075,98.61111111111111,1.3009390055580168,87.5,0.7736289960714571,89.08730158730158
2026-02-04,32289.81,704644032693,0.293365255117517,1.3595747958712099,0.4993775316907268,67.5,1.6469123111282482,91.86507936507937,1.6390812822351652,94.16666666666667,2.265072461287674,98.61111111111111,0.36687750594332624,67.5,0.20779848269507092,73.21428571428571
2026-02-05,31801.27,715168705076,-1.5129850562762726,1.4634957591884177,0.5529765053376129,67.5,1.7022340108482945,92.26190476190476,1.3317196263095548,85.83333333333333,2.092020661974879,96.62698412698413,0.6060901463654991,72.5,0.3531037950392361,80.75396825396825
2026-02-06,31782.92,700313173141,-0.05770209806087445,2.1330594658640996,0.4421076474731669,62.5,1.5895285382945912,90.67460317460318,1.2758738947517092,84.16666666666667,2.0597748891065453,96.23015873015873,2.037466756641186,97.5,1.2867060152436949,94.24603174603175
2026-02-09,32404.62,653957736705,1.9560820717542615,2.2334008329001875,0.14161970075460684,54.166666666666664,1.2758563740682787,88.2936507936508,1.534013548247338,95.83333333333333,2.210116638755243,99.0079365079365,2.136592278326229,99.16666666666667,1.4180768917864637,95.03968253968254
2026-02-10,33072.97,678490714672,2.0625145426794056,1.9542275144717083,0.2947770252608002,59.166666666666664,1.4229378590182284,89.88095238095238,1.791279174249571,99.16666666666667,2.366664094327543,99.8015873015873,1.49573053956491,87.5,1.018966857229758,91.07142857142857
2026-02-11,33605.71,699292298413,1.6108018118723422,1.923504299734809,0.41461282327030363,60.833333333333336,1.5433142389173025,90.27777777777777,1.956993916128375,99.16666666666667,2.477783016842399,99.8015873015873,1.378391352066023,85.83333333333333,0.9690576752380905,90.67460317460318
2026-02-23,33773.26,949992767170,0.49857598604523545,1.634722194531824,1.9576018301592006,97.5,3.0940269167025387,99.4047619047619,1.9484559700084603,99.16666666666667,2.4833824005272933,99.8015873015873,0.7992053936937183,74.16666666666667,0.5627126066493969,83.92857142857143
2026-02-24,34700.82,861808912768,2.746433124904124,2.365510465972181,1.349282041637122,90.83333333333333,2.4915635034804158,97.81746031746032,2.267458288276631,99.16666666666667,2.691741330891453,99.8015873015873,2.216855219146953,99.16666666666667,1.5682621486615196,95.03968253968254
2026-02-25,35413.07,1020570870136,2.052545155993424,2.213866992192125,2.20388962129925,99.16666666666667,3.394674715387775,99.8015873015873,2.4331558002165594,99.16666666666667,2.82996380060965,99.8015873015873,1.8194314292646223,95.83333333333333,1.346131529840706,94.24603174603175
2026-02-26,35414.49,1207836722507,0.004009818973615964,1.1516087139578686,3.0090131752109377,99.16666666666667,4.352935418158907,99.8015873015873,2.3070432304006374,99.16666666666667,2.7748850735394024,99.8015873015873,-0.27421296199252804,49.166666666666664,-0.12770739549183466,56.54761904761905
2026-03-02,35095.09,1014040137978,-0.9018907232604567,2.090556718450557,1.8593070484612526,95.83333333333333,3.1314344178217457,99.0079365079365,2.071519782969365,95.83333333333333,2.6406545869993723,99.0079365079365,1.5281874703027665,90.83333333333333,1.1647993722507015,92.65873015873017
2026-03-03,34323.65,1113233319063,-2.1981422472488132,2.6811157914112633,2.251655631714544,97.5,3.595317646889159,99.4047619047619,1.6766213805353027,92.5,2.3985880672696305,98.21428571428571,2.4905783173975893,99.16666666666667,1.9594386831986959,96.62698412698413
